Year,Age_0_14,Age_15_64,Rural_Population,Labor_Force_Participation,Birth_Rate,Death_Rate,Fertility_Rate,GDP_Growth,Infant_Mortality,Age_65_Plus,Life_Expectancy,Literacy_Rate,Net_Migration,Population,Population_Density,Population_Growth,Urban_Population,Prev_Population,Population_Lag_2,Population_Lag_3,Population_MA3,Population_Change,Population_Growth_Rate,Birth_Rate_Lag_1,Birth_Rate_Change,Death_Rate_Lag_1,Death_Rate_Change,Fertility_Rate_Lag_1,Fertility_Rate_Change,Life_Expectancy_Lag_1,Life_Expectancy_Change,GDP_Growth_Lag_1,GDP_Growth_Change,Net_Migration_Lag_1,Net_Migration_Change,Literacy_Rate_Lag_1,Literacy_Rate_Change,Urban_Population_Lag_1,Urban_Population_Change,Infant_Mortality_Lag_1,Infant_Mortality_Change,Population_Density_Lag_1,Population_Density_Change,Birth_Death_Ratio
1963,41.4507795047652,55.0910185087824,382544792.0,57.937,42.261,18.728,5.969,5.99435326188559,145.0,3.45820198645241,46.458,40.7599983215332,21640.0,468138575.0,157.453299318241,2.34617004494498,18.283856024527,457283090.0,446564729.0,435990338.0,446612719.0,10718361.0,2.4001808257454207,42.475,-0.19500000000000028,18.981,-0.24599999999999866,5.953,0.016000000000000014,46.133,0.3090000000000046,2.93112773548363,-0.7916147976269001,-70514.0,-365691.0,40.7599983215332,0.0,18.1435710412125,0.11956208795169943,146.6,-1.8000000000000114,153.802175441193,3.6050037165469746,2.237764079869343
1964,41.6284156555789,54.8590362734649,390845089.0,57.937,42.061,18.512,5.979,7.45295012250209,143.5,3.51254807095617,46.742,40.7599983215332,-141916.0,479229598.0,161.183643830364,2.34154578203199,18.4430405128829,468138575.0,457283090.0,446564729.0,457328798.0,10855485.0,2.373909124870548,42.261,-0.21399999999999864,18.728,-0.2530000000000001,5.969,0.016000000000000014,46.458,0.32499999999999574,5.99435326188559,3.06322552640196,21640.0,92154.0,40.7599983215332,0.0,18.283856024527,0.14028498331450123,145.0,-1.5999999999999943,157.453299318241,3.6511238770480077,2.2565677061085005
1965,41.6687820140324,54.7792309385732,398877427.0,57.937,41.65,19.359,5.941,-2.63577011020728,142.0,3.5519870473944,45.558,40.7599983215332,-248299.0,490140146.0,164.853287546373,2.25115521196281,18.6197192716934,479229598.0,468138575.0,457283090.0,468217087.6666667,11091023.0,2.36917519561382,42.061,-0.20000000000000284,18.512,-0.21600000000000108,5.979,0.009999999999999787,46.742,0.2839999999999989,7.45295012250209,1.4585968606164998,-141916.0,-163556.0,40.7599983215332,0.0,18.4430405128829,0.1591844883558977,143.5,-1.5,161.183643830364,3.730344512122997,2.2720937770095073
1966,41.6636702861234,54.7575774351527,406538553.0,57.937,41.205,19.058,5.881,-0.0553287704537979,140.5,3.57875227872386,45.884,40.7599983215332,-566982.0,500740247.0,168.418515802892,2.13961351155644,18.8124870663716,490140146.0,479229598.0,468138575.0,479169439.6666667,10910548.0,2.2766849221195224,41.65,-0.41100000000000136,19.359,0.8470000000000013,5.941,-0.038000000000000256,45.558,-1.1839999999999975,-2.63577011020728,-10.08872023270937,-248299.0,-106383.0,40.7599983215332,0.0,18.6197192716934,0.17667875881049966,142.0,-1.5,164.853287546373,3.6696437160090056,2.151454104034299
1967,41.6119803934068,54.7936108923147,414299154.0,57.937,40.831,18.783,5.825,7.82596303082235,139.2,3.59440871427849,46.184,40.7599983215332,-70314.0,511606372.0,172.073218327789,2.14680270986968,19.019938662331,500740247.0,490140146.0,479229598.0,490036663.6666667,10600101.0,2.1626673690181666,41.205,-0.4450000000000003,19.058,-0.30100000000000193,5.881,-0.05999999999999961,45.884,0.3260000000000005,-0.0553287704537979,2.580441339753482,-566982.0,-318683.0,40.7599983215332,0.0,18.8124870663716,0.1927677946782005,140.5,-1.5,168.418515802892,3.565228256518992,2.162084164130549
1968,41.5489992342193,54.841810032698,422142663.0,57.937,40.485,17.515,5.76,3.38792917634143,137.9,3.60919073308266,47.925,40.7599983215332,-995416.0,522716889.0,175.810119434009,2.14844716038577,19.2406688249846,511606372.0,500740247.0,490140146.0,500828921.6666667,10866125.0,2.1700123097954216,40.831,-0.3739999999999952,18.783,-0.2749999999999986,5.825,-0.05600000000000005,46.184,0.29999999999999716,7.82596303082235,7.881291801276148,-70314.0,496668.0,40.7599983215332,0.0,19.019938662331,0.20745159595940166,139.2,-1.3000000000000114,172.073218327789,3.6547025248970044,2.173827397114412
1969,41.4858386761944,54.8812200720328,429916532.0,57.937,40.058,17.267,5.684,6.53970029928357,136.4,3.63294125177274,48.26,40.7599983215332,-851844.0,533880544.0,179.564892926453,2.11321172870178,19.4732723197457,522716889.0,511606372.0,500740247.0,511687836.0,11110517.0,2.1716924589047144,40.485,-0.34600000000000364,17.515,-1.2680000000000007,5.76,-0.06500000000000039,47.925,1.7409999999999997,3.38792917634143,-4.43803385448092,-995416.0,-925102.0,40.7599983215332,0.0,19.2406688249846,0.22073016265359868,137.9,-1.299999999999983,175.810119434009,3.7369011062200173,2.3114473308592633
1970,41.3587261036841,54.9803453154402,438239792.0,57.937,39.763,17.014,5.624,5.15722973718955,134.8,3.66092858087571,48.585,40.7599983215332,233782.0,545864268.0,183.595487674854,2.21982378728468,19.7163439120276,533880544.0,522716889.0,511606372.0,522734601.6666667,11163655.0,2.135698163753037,40.058,-0.4269999999999996,17.267,-0.2480000000000011,5.684,-0.07599999999999962,48.26,0.33500000000000085,6.53970029928357,3.15177112294214,-851844.0,143572.0,40.7599983215332,0.0,19.4732723197457,0.23260349476110065,136.4,-1.5,179.564892926453,3.754773492444002,2.3199166039265653
1971,41.2306463818492,55.074520438461,446625401.0,57.937,39.724,16.812,5.565,1.64293037527582,133.1,3.69483317968977,48.902,40.7599983215332,-974574.0,558096387.0,187.709627369929,2.21613325893602,19.973429065388,545864268.0,533880544.0,522716889.0,534153900.3333333,11983724.0,2.244645199132786,39.763,-0.2950000000000017,17.014,-0.2530000000000001,5.624,-0.0600000000000005,48.585,0.32500000000000284,5.15722973718955,-1.3824705620940199,233782.0,1085626.0,40.7599983215332,0.0,19.7163439120276,0.24307159228190045,134.8,-1.5999999999999943,183.595487674854,4.0305947484010005,2.337075349712002
1972,41.1093898370524,55.1551236420255,454808117.0,57.937,39.458,16.597,5.482,-0.553301305344547,131.2,3.73548652092206,49.213,40.7599983215332,-82816.0,570482142.0,191.875440856454,2.19501824226466,20.2765374145567,558096387.0,545864268.0,533880544.0,545947066.3333334,12232119.0,2.24087190114448,39.724,-0.03900000000000148,16.812,-0.20199999999999818,5.565,-0.058999999999999275,48.902,0.31700000000000017,1.64293037527582,-3.5142993619137304,-974574.0,-1208356.0,40.7599983215332,0.0,19.973429065388,0.25708515336039994,133.1,-1.700000000000017,187.709627369929,4.114139695074982,2.362836069474185
1973,40.9735754814576,55.249031970561,463040907.0,57.937,39.299,16.311,5.402,3.29552113471652,129.0,3.77739254798137,49.642,40.7599983215332,-404743.0,583465598.0,196.242284549592,2.25036255306664,20.6395528614156,570482142.0,558096387.0,545864268.0,558147599.0,12385755.0,2.2192860030108026,39.458,-0.26599999999999824,16.597,-0.21499999999999986,5.482,-0.08300000000000018,49.213,0.31099999999999994,-0.553301305344547,-2.196231680620367,-82816.0,891758.0,40.7599983215332,0.0,20.2765374145567,0.3031083491686992,131.2,-1.9000000000000057,191.875440856454,4.165813486524996,2.3774176055913716
1974,40.8343645306829,55.3502381043461,471397247.0,57.937,39.0,15.893,5.325,1.18533625466961,126.7,3.81539736497097,50.259,40.7599983215332,347869.0,597041391.0,200.808354326498,2.3000950671043,21.0444612042606,583465598.0,570482142.0,558096387.0,570681375.6666666,12983456.0,2.2758742200908366,39.299,-0.15899999999999892,16.311,-0.28600000000000136,5.402,-0.08000000000000007,49.642,0.42900000000000205,3.29552113471652,3.848822440061067,-404743.0,-321927.0,40.7599983215332,0.0,20.6395528614156,0.3630154468588991,129.0,-2.1999999999999886,196.242284549592,4.366843693138009,2.4093556495616455
1975,40.6630683422924,55.4895000942526,480023660.0,57.937,38.362,15.528,5.195,9.14991201570659,124.0,3.847431563455,50.761,40.7599983215332,434205.0,611309535.0,205.607288804281,2.36169921715702,21.4761700378174,597041391.0,583465598.0,570482142.0,583663043.6666666,13575793.0,2.3267512337548304,39.0,-0.2989999999999995,15.893,-0.41799999999999926,5.325,-0.07699999999999996,50.259,0.6169999999999973,1.18533625466961,-2.1101848800469103,347869.0,752612.0,40.7599983215332,0.0,21.0444612042606,0.4049083428450011,126.7,-2.299999999999997,200.808354326498,4.566069776906005,2.4539105266469514
1976,40.487766691489,55.6368726804217,488675543.0,57.937,38.244,15.179,5.13,1.66310363813034,121.1,3.87536062808925,51.302,40.7599983215332,275984.0,625861883.0,210.501812194983,2.3526277752357,21.9195869568118,611309535.0,597041391.0,583465598.0,597272174.6666666,14268144.0,2.3898081799826167,38.362,-0.6379999999999981,15.528,-0.3650000000000002,5.195,-0.1299999999999999,50.761,0.5020000000000024,9.14991201570659,7.96457576103698,434205.0,86336.0,40.7599983215332,0.0,21.4761700378174,0.4317088335568009,124.0,-2.700000000000003,205.607288804281,4.798934477783007,2.470504894384338
1977,40.3047875995931,55.7972836385708,497520414.0,57.937,37.563,14.817,5.007,7.25476458760367,117.9,3.8979287618361,51.822,40.7599983215332,590626.0,640801103.0,215.526455759639,2.35894044670683,22.3596195559694,625861883.0,611309535.0,597041391.0,611404269.6666666,14552348.0,2.3805203692757715,38.244,-0.1180000000000021,15.179,-0.3490000000000002,5.13,-0.06500000000000039,51.302,0.5409999999999968,1.66310363813034,-7.48680837757625,275984.0,-158221.0,40.7599983215332,0.0,21.9195869568118,0.44341691899439795,121.1,-2.9000000000000057,210.501812194983,4.894523390701977,2.5195335661110745
1978,40.1251307879869,55.9571368552443,506345631.0,57.937,37.149,14.429,4.888,5.71253208869331,114.7,3.9177323567688,52.42,40.7599983215332,-210444.0,655728229.0,220.547031639418,2.30273010047879,22.7811754300159,640801103.0,625861883.0,611309535.0,625990840.3333334,14939220.0,2.3869835191736706,37.563,-0.6809999999999974,14.817,-0.3620000000000001,5.007,-0.12300000000000022,51.822,0.5200000000000031,7.25476458760367,5.59166094947333,590626.0,314642.0,40.7599983215332,0.0,22.3596195559694,0.4400325991576004,117.9,-3.1999999999999886,215.526455759639,5.024643564656003,2.535128568536141
1979,39.9511959628286,56.1143737446938,515654584.0,57.937,37.001,14.066,4.808,-5.23818270446218,111.4,3.93443029247757,53.014,40.7599983215332,774094.0,671155747.0,225.735908905923,2.32548037680355,23.169162173677,655728229.0,640801103.0,625861883.0,640797071.6666666,14927126.0,2.3294476133259714,37.149,-0.4140000000000015,14.429,-0.3879999999999999,4.888,-0.11899999999999977,52.42,0.597999999999999,5.71253208869331,-1.5422324989103604,-210444.0,-801070.0,40.7599983215332,0.0,22.7811754300159,0.42155587404650063,114.7,-3.200000000000003,220.547031639418,5.020575879779017,2.574606694850648
1980,39.7975374918351,56.2550850296868,525767491.0,57.937,37.057,13.752,4.775,6.7358215288198,108.2,3.94737747847816,53.593,40.7599983215332,210914.0,687354025.0,231.184022884511,2.38482579119883,23.5084873816783,671155747.0,655728229.0,640801103.0,655895026.3333334,15427518.0,2.352730493779001,37.001,-0.14800000000000324,14.066,-0.36299999999999955,4.808,-0.08000000000000007,53.014,0.5940000000000012,-5.23818270446218,-10.950714793155491,774094.0,984538.0,40.7599983215332,0.0,23.169162173677,0.3879867436611022,111.4,-3.299999999999997,225.735908905923,5.1888772665049885,2.630527513152282
1981,39.6851893410582,56.3557128209478,536304259.0,57.937,36.761,13.424,4.698,6.00620362601497,105.2,3.95909783799409,54.173,40.7599983215332,33243.0,703696250.0,236.680551865168,2.34973202595162,23.7875348455702,687354025.0,671155747.0,655728229.0,671412667.0,16198278.0,2.4134901730939062,37.057,0.05600000000000449,13.752,-0.31400000000000006,4.775,-0.032999999999999474,53.593,0.5790000000000006,6.7358215288198,11.974004233281981,210914.0,-563180.0,40.7599983215332,0.0,23.5084873816783,0.3393252080012985,108.2,-3.200000000000003,231.184022884511,5.4481139785879975,2.6946625945317044
1982,39.5799049561857,56.4504746532764,547217333.0,57.937,36.403,13.093,4.62,3.47573323969961,102.4,3.96962039053794,54.735,41.5059986114502,-10687.0,720313473.0,242.26957342114,2.33396964438701,24.0306681216752,703696250.0,687354025.0,671155747.0,687402007.3333334,16342225.0,2.377555729014608,36.761,-0.2959999999999994,13.424,-0.3280000000000012,4.698,-0.07699999999999996,54.173,0.5799999999999983,6.00620362601497,-0.7296179028048302,33243.0,-177671.0,40.7599983215332,0.0,23.7875348455702,0.2790474638918994,105.2,-3.0,236.680551865168,5.496528980657018,2.7384535160905843
1983,39.4707064279418,56.551028608389,558530665.0,57.937,36.125,12.773,4.565,7.28889290305703,99.8,3.97826496366921,55.283,42.25199890136718,119694.0,737372681.0,248.007251806982,2.3406940951715,24.2539519859126,720313473.0,703696250.0,687354025.0,703787916.0,16617223.0,2.3614198597761464,36.403,-0.3580000000000041,13.093,-0.3309999999999995,4.62,-0.07800000000000029,54.735,0.5619999999999976,3.47573323969961,-2.53047038631536,-10687.0,-43930.0,41.5059986114502,0.7460002899169993,24.0306681216752,0.24313327610499869,102.4,-2.799999999999997,242.26957342114,5.589021555971982,2.780340640036661
1984,39.370183967925,56.6451173589565,570227907.0,57.937,35.917,12.471,4.516,3.82073785610604,97.5,3.98469867311846,55.813,42.99799919128417,-32313.0,754875449.0,253.894116756749,2.34593300498783,24.4606633455594,737372681.0,720313473.0,703696250.0,720460801.3333334,17059208.0,2.368303334512251,36.125,-0.2779999999999987,12.773,-0.3200000000000003,4.565,-0.054999999999999716,55.283,0.5480000000000018,7.28889290305703,3.81315966335742,119694.0,130381.0,42.25199890136718,0.746000289916978,24.2539519859126,0.22328386423740199,99.8,-2.6000000000000085,248.007251806982,5.737678385842003,2.828231425663509
1985,39.2770162225779,56.7327689888321,582152802.0,57.937,35.42,12.164,4.432,5.25429922311382,95.2,3.99021478858997,56.324,43.74399948120116,-89991.0,772647793.0,259.871650651321,2.3270540843985,24.654828858249,754875449.0,737372681.0,720313473.0,737520534.3333334,17502768.0,2.3736664580878335,35.917,-0.2079999999999984,12.471,-0.3019999999999996,4.516,-0.04900000000000038,55.813,0.5300000000000011,3.82073785610604,-3.4681550469509896,-32313.0,-152007.0,42.99799919128417,0.7460002899169922,24.4606633455594,0.20671135964679976,97.5,-2.299999999999997,253.894116756749,5.886864949767016,2.8800416967364284
1986,39.1796534823412,56.8247451594739,594278830.0,57.937,35.22,11.879,4.399,4.77656416847516,93.0,3.99560135818491,56.819,44.48999977111815,-249545.0,790689978.0,265.939942620552,2.30826458791438,24.8404751816147,772647793.0,754875449.0,737372681.0,754965307.6666666,17772344.0,2.3543412391465917,35.42,-0.4969999999999999,12.164,-0.3070000000000004,4.432,-0.08399999999999963,56.324,0.5109999999999957,5.25429922311382,1.4335613670077803,-89991.0,-57678.0,43.74399948120116,0.7460002899169851,24.654828858249,0.19416551268960092,95.2,-2.299999999999997,259.871650651321,5.9775338945719625,2.9118710950345283
1987,39.0660255969583,56.9321068525389,606523489.0,57.937,34.442,11.577,4.311,3.96535563481719,90.8,4.00186755050278,57.291,45.23600006103514,-219150.0,808931270.0,272.075202055704,2.2808002561271,25.0216289732896,790689978.0,772647793.0,754875449.0,772737740.0,18042185.0,2.3351111804702973,35.22,-0.20000000000000284,11.879,-0.28500000000000014,4.399,-0.03300000000000036,56.819,0.49500000000000455,4.77656416847516,-0.4777350546386607,-249545.0,-159554.0,44.48999977111815,0.7460002899169922,24.8404751816147,0.18564632336569886,93.0,-2.200000000000003,265.939942620552,6.068291969231041,2.9648960350197826
1988,38.9229795130071,57.0666278323093,618833388.0,57.937,33.892,11.286,4.222,9.62778291607844,88.6,4.01039265468364,57.744,45.98200035095213,-155676.0,827342990.0,278.267783088198,2.25053923542519,25.2023168909072,808931270.0,790689978.0,772647793.0,790756347.0,18241292.0,2.307009385162588,34.442,-0.7779999999999987,11.577,-0.3019999999999996,4.311,-0.08800000000000008,57.291,0.4719999999999942,3.96535563481719,-0.8112085336579695,-219150.0,30395.0,45.23600006103514,0.7460002899169922,25.0216289732896,0.18115379167490175,90.8,-2.200000000000003,272.075202055704,6.135259435151966,2.97503671071953
1989,38.7520975394047,57.2258215963335,631259149.0,57.937,33.279,11.0,4.132,5.94734333181324,86.4,4.02208086426184,58.196,46.72800064086912,-2907.0,846039529.0,284.556159882147,2.23467340339487,25.3865655921008,827342990.0,808931270.0,790689978.0,808988079.3333334,18411720.0,2.276054923677261,33.892,-0.5499999999999972,11.286,-0.29100000000000037,4.222,-0.08899999999999952,57.744,0.45300000000000296,9.62778291607844,5.66242728126125,-155676.0,63474.0,45.98200035095213,0.7460002899169851,25.2023168909072,0.18068791761759684,88.6,-2.200000000000003,278.267783088198,6.19258103249399,3.003012581959951
1990,38.5602244453119,57.4019050737805,643726151.0,57.937,32.569,10.726,4.045,5.53345456125301,84.4,4.03787048090769,58.618,47.4740009307861,125514.0,864972221.0,290.923964159707,2.213130886438,25.5784017345035,846039529.0,827342990.0,808931270.0,827437929.6666666,18696539.0,2.259829263797836,33.279,-0.6129999999999995,11.0,-0.2859999999999996,4.132,-0.09000000000000075,58.196,0.4519999999999982,5.94734333181324,-3.6804395842651996,-2907.0,152769.0,46.72800064086912,0.7460002899169922,25.3865655921008,0.18424870119360293,86.4,-2.1999999999999886,284.556159882147,6.288376793949055,3.0253636363636365
1991,38.3509937701057,57.5905921154682,656053177.0,57.966,32.023,10.472,3.959,1.05683143496063,82.5,4.05841411442611,59.032,48.2200012207031,-157911.0,883927600.0,297.299398962058,2.16777668657973,25.7797610905819,864972221.0,846039529.0,827342990.0,846118246.6666666,18932692.0,2.237802295405514,32.569,-0.7100000000000009,10.726,-0.27399999999999913,4.045,-0.08699999999999974,58.618,0.42200000000000415,5.53345456125301,-0.4138887705602299,125514.0,128421.0,47.4740009307861,0.746000289916978,25.5784017345035,0.19183614240269975,84.4,-2.0,290.923964159707,6.367804277559969,3.0364534775312326
1992,38.1269662687286,57.7896275290253,668361079.0,57.997,31.414,10.225,3.877,5.48239602040357,80.7,4.08340620224614,59.445,49.49900093078611,35155.0,902957070.0,303.699753463452,2.12998519274824,25.9808576702657,883927600.0,864972221.0,846039529.0,864979783.3333334,18955379.0,2.1914436718078143,32.023,-0.5459999999999994,10.472,-0.25400000000000134,3.959,-0.08599999999999985,59.032,0.4139999999999944,1.05683143496063,-4.47662312629238,-157911.0,-283425.0,48.2200012207031,0.7460002899169993,25.7797610905819,0.20135935607839883,82.5,-1.9000000000000057,297.299398962058,6.375434802350981,3.057964094728801
1993,37.8896244154385,57.9978926827321,680737472.0,58.027,30.771,10.001,3.799,4.75077621776924,79.0,4.11248290182939,59.823,50.77800064086912,2364.0,922118387.0,310.144453264003,2.09986069412181,26.1767814681192,902957070.0,883927600.0,864972221.0,883952297.0,19029470.0,2.152831295232777,31.414,-0.6090000000000018,10.225,-0.2469999999999999,3.877,-0.0820000000000003,59.445,0.4130000000000038,5.48239602040357,4.42556458544294,35155.0,193066.0,49.49900093078611,1.2789997100830135,25.9808576702657,0.20109657968379935,80.7,-1.7999999999999972,303.699753463452,6.40035450139402,3.072273838630807
1994,37.6354900955109,58.2183206494931,692969292.0,58.063,30.295,9.777,3.723,6.65892407028434,77.3,4.14618925499594,60.237,52.05700035095213,-375253.0,941163767.0,316.550158920217,2.04435418122792,26.3710188638872,922118387.0,902957070.0,883927600.0,903001019.0,19161317.0,2.1220629016172383,30.771,-0.6430000000000007,10.001,-0.2240000000000002,3.799,-0.07799999999999985,59.823,0.3780000000000001,4.75077621776924,-0.7316198026343299,2364.0,-32791.0,50.77800064086912,1.2789997100830064,26.1767814681192,0.19592379785349934,79.0,-1.7000000000000028,310.144453264003,6.444699800551007,3.0767923207679235
1995,37.3483016526577,58.4681391112119,705185767.0,58.395,29.77,9.572,3.651,7.57449183788519,75.6,4.18355923613031,60.63,53.336000061035136,-57297.0,960301044.0,322.986773129198,2.01296632914892,26.5661772139368,941163767.0,922118387.0,902957070.0,922079741.3333334,19045380.0,2.0653942344606993,30.295,-0.4759999999999991,9.777,-0.2240000000000002,3.723,-0.07600000000000007,60.237,0.4140000000000015,6.65892407028434,1.9081478525150999,-375253.0,-377617.0,52.05700035095213,1.2789997100830135,26.3710188638872,0.19423739576800259,77.3,-1.7000000000000028,316.550158920217,6.405705656213968,3.098598752173469
1996,37.0248809038195,58.751339330383,717468852.0,58.729,29.217,9.371,3.582,7.54952224920051,73.9,4.22377976579751,61.027,54.61499977111815,-26388.0,979678458.0,329.5041547967,1.99775909414655,26.7648638746349,960301044.0,941163767.0,922118387.0,941194399.3333334,19137277.0,2.0333631266958876,29.77,-0.5250000000000021,9.572,-0.20500000000000007,3.651,-0.07200000000000006,60.63,0.3930000000000007,7.57449183788519,0.9155677676008498,-57297.0,317956.0,53.336000061035136,1.2789997100830064,26.5661772139368,0.19515835004959925,75.6,-1.7000000000000028,322.986773129198,6.436614208981041,3.110112829084831
1997,36.6813678630757,59.0516480610389,729670522.0,59.066,28.685,9.174,3.514,4.04982084998183,72.1,4.26698407588542,61.439,55.89399948120116,880.0,999133762.0,336.047733915424,1.966425183613,26.9696862023486,979678458.0,960301044.0,941163767.0,960381089.6666666,19377414.0,2.0178478531363546,29.217,-0.5530000000000008,9.371,-0.20099999999999874,3.582,-0.06899999999999995,61.027,0.39699999999999847,7.54952224920051,-0.024969588684680133,-26388.0,30909.0,54.61499977111815,1.2789997100830135,26.7648638746349,0.19868666069810104,73.9,-1.6999999999999886,329.5041547967,6.517381667501979,3.117810265713371
1998,36.3196138518854,59.3675103695515,741758789.0,59.404,28.199,8.988,3.446,6.18441582172117,70.2,4.31287577856306,61.852,57.17299919128417,-1049.0,1018665080.0,342.61687951325,1.93596384442712,27.1832515534447,999133762.0,979678458.0,960301044.0,979704421.3333334,19455304.0,1.985886679566042,28.685,-0.532,9.174,-0.19700000000000095,3.514,-0.06800000000000006,61.439,0.41199999999999903,4.04982084998183,-3.4997013992186794,880.0,27268.0,55.89399948120116,1.2789997100830135,26.9696862023486,0.2048223277136998,72.1,-1.8000000000000114,336.047733915424,6.543579118723983,3.1267713102245476
1999,35.9382456334839,59.7005235536315,753667153.0,59.743,27.73,8.805,3.383,8.84575555939531,68.3,4.36123081288453,62.284,58.45199890136718,-95320.0,1038225823.0,349.195921888611,1.90202919152067,27.4081672842903,1018665080.0,999133762.0,979678458.0,999159100.0,19531318.0,1.9548251438229347,28.199,-0.4859999999999971,8.988,-0.18599999999999994,3.446,-0.06799999999999962,61.852,0.4129999999999967,6.18441582172117,2.1345949717393395,-1049.0,-1929.0,57.17299919128417,1.2789997100830064,27.1832515534447,0.2135653510960971,70.2,-1.8999999999999915,342.61687951325,6.5691455978260365,3.1374054294615044
2000,35.5530832514968,60.0363292788794,765438404.0,60.079,27.518,8.628,3.35,3.84099115659129,66.3,4.41058746962383,62.749,59.73099861145019,-143960.0,1057922733.0,355.82076254797,1.87939826197393,27.6470407512523,1038225823.0,1018665080.0,999133762.0,1018674888.3333334,19560743.0,1.9202329974833336,27.73,-0.4690000000000012,8.805,-0.18299999999999983,3.383,-0.06300000000000017,62.284,0.43200000000000216,8.84575555939531,2.6613397376741394,-95320.0,-94271.0,58.45199890136718,1.2789997100830135,27.4081672842903,0.224915730845602,68.3,-1.9000000000000057,349.195921888611,6.579042375360984,3.1493469619534356
2001,35.1665921350717,60.3721236017034,777133989.0,59.923,27.206,8.482,3.303,4.82396626555771,64.3,4.46128426322486,63.158,61.0099983215332,-70346.0,1077898575.0,362.539418940599,1.87060822112685,27.9028652096636,1057922733.0,1038225823.0,1018665080.0,1038271212.0,19696910.0,1.8971701111310155,27.518,-0.21199999999999974,8.628,-0.1769999999999996,3.35,-0.03299999999999992,62.749,0.4650000000000034,3.84099115659129,-5.004764402804019,-143960.0,-48640.0,59.73099861145019,1.2789997100830064,27.6470407512523,0.2388734669620014,66.3,-2.0,355.82076254797,6.624840659358995,3.1893834028743626
2002,34.7802511535299,60.7034726242062,788343923.0,59.765,26.538,8.294,3.217,3.80397532112175,62.4,4.51627622226394,63.649,61.35799865722656,-732419.0,1097600380.0,369.165905979773,1.81129424097937,28.1756878910456,1077898575.0,1057922733.0,1038225823.0,1058015710.3333334,19975842.0,1.8882137018980192,27.206,-0.31200000000000117,8.482,-0.1460000000000008,3.303,-0.04700000000000015,63.158,0.4089999999999989,4.82396626555771,0.9829751089664196,-70346.0,73614.0,61.0099983215332,1.2789997100830135,27.9028652096636,0.255824458411297,64.3,-2.0,362.539418940599,6.718656392628986,3.207498231549163
2003,34.3900068263248,61.0366264092953,798893541.0,59.606,25.783,8.125,3.122,7.8603814759073,60.4,4.57336676437993,64.086,61.70599899291992,-606970.0,1116803006.0,375.624499611528,1.73438204419235,28.4660287698,1097600380.0,1077898575.0,1057922733.0,1077807229.3333333,19701805.0,1.8277976663991786,26.538,-0.6679999999999993,8.294,-0.18799999999999883,3.217,-0.08599999999999985,63.649,0.49099999999999966,3.80397532112175,-1.0199909444359596,-732419.0,-662073.0,61.35799865722656,0.34800033569335653,28.1756878910456,0.27282268138200294,62.4,-1.8999999999999986,369.165905979773,6.626487039174037,3.199662406558958
2004,33.9801045969698,61.3938727280818,809137143.0,59.445,25.121,7.982,3.046,7.92293661199932,58.5,4.62602267494844,64.484,62.05399932861328,-206660.0,1135991513.0,382.078344471763,1.7035704679088,28.7726067228528,1116803006.0,1097600380.0,1077898575.0,1097433987.0,19202626.0,1.7495097805997477,25.783,-0.754999999999999,8.125,-0.16900000000000048,3.122,-0.0950000000000002,64.086,0.4369999999999976,7.8603814759073,4.05640615478555,-606970.0,125449.0,61.70599899291992,0.34800033569336364,28.4660287698,0.2903408787543995,60.4,-2.0,375.624499611528,6.4585936317549795,3.1732923076923076
2005,33.561919528129,61.7634053727483,818728445.0,59.289,24.304,7.819,2.958,7.92343062148318,56.5,4.67467509912271,64.939,62.40199966430664,-929454.0,1154676322.0,388.36277600826,1.63142146860079,29.0945497159107,1135991513.0,1116803006.0,1097600380.0,1116798299.6666667,19188507.0,1.7181639820908576,25.121,-0.6620000000000026,7.982,-0.1429999999999998,3.046,-0.07600000000000007,64.484,0.39799999999999613,7.92293661199932,0.06255513609202001,-206660.0,400310.0,62.05399932861328,0.34800033569335653,28.7726067228528,0.30657795305279834,58.5,-1.8999999999999986,382.078344471763,6.4538448602349945,3.147206213981458
2006,33.1286520695793,62.1494488498081,827689071.0,58.345,23.564,7.67,2.867,8.06073257166651,54.5,4.72189908061262,65.373,62.75,-342177.0,1172878890.0,394.485011048739,1.56412522526913,29.4309857146804,1154676322.0,1135991513.0,1116803006.0,1135823613.6666667,18684809.0,1.6448018128811495,24.304,-0.8170000000000002,7.819,-0.16300000000000026,2.958,-0.08799999999999963,64.939,0.4549999999999983,7.92343062148318,0.0004940094838605802,-929454.0,-722794.0,62.40199966430664,0.34800033569336364,29.0945497159107,0.321942993057899,56.5,-2.0,388.36277600826,6.2844315364970385,3.108325872873769
2007,32.6823291810805,62.5476673904344,836080287.0,57.418,22.932,7.536,2.775,7.6608150670107,52.5,4.7700034284851,65.803,64.14395432520925,-1037200.0,1190676021.0,400.470881780175,1.50599144392136,29.7810426848684,1172878890.0,1154676322.0,1135991513.0,1154515575.0,18202568.0,1.5764216909264723,23.564,-0.7399999999999984,7.67,-0.14900000000000002,2.867,-0.09100000000000019,65.373,0.4340000000000117,8.06073257166651,0.13730195018332925,-342177.0,587277.0,62.75,0.34800033569335653,29.4309857146804,0.3364359987697014,54.5,-2.0,394.485011048739,6.122235040478984,3.0722294654498046
2008,32.2404380107605,62.9374830161807,843814083.0,56.511,22.506,7.41,2.711,3.08669805921981,50.5,4.82207897305879,66.247,65.5379086504185,-1020047.0,1207930964.0,406.274393496547,1.43877181746736,30.1438485921815,1190676021.0,1172878890.0,1154676322.0,1172743744.3333333,17797131.0,1.517388636775618,22.932,-0.6320000000000014,7.536,-0.13400000000000034,2.775,-0.09200000000000008,65.803,0.4299999999999926,7.6608150670107,-0.3999175046558099,-1037200.0,-695023.0,64.14395432520925,1.3939543252092506,29.7810426848684,0.35005697018799964,52.5,-2.0,400.470881780175,5.985870731435966,3.0429936305732483
2009,31.797288593811,63.3246171976748,851512596.0,55.627,22.211,7.29,2.674,7.86188883286074,48.4,4.87809420851412,66.7,66.93186297562775,-312905.0,1225524753.0,412.191872366045,1.44601731955273,30.5185314023263,1207930964.0,1190676021.0,1172878890.0,1190495291.6666667,17254943.0,1.4491719574152742,22.506,-0.4259999999999984,7.41,-0.12599999999999945,2.711,-0.06400000000000006,66.247,0.4440000000000026,3.08669805921981,-4.574117007790889,-1020047.0,17153.0,65.5379086504185,1.3939543252092506,30.1438485921815,0.36280590731309914,50.5,-2.0,406.274393496547,5.803511716372043,3.037246963562753
2010,31.3423674128553,63.7171853960836,859193297.0,54.766,21.633,7.164,2.598,8.49758470221235,46.3,4.94044719106105,67.162,68.325817300837,-50905.0,1243481564.0,418.231449722352,1.45460361883041,30.9042190810094,1225524753.0,1207930964.0,1190676021.0,1208043912.6666667,17593789.0,1.456522725581857,22.211,-0.2950000000000017,7.29,-0.1200000000000001,2.674,-0.03699999999999992,66.7,0.45300000000000296,7.86188883286074,4.775190773640929,-312905.0,707142.0,66.93186297562775,1.3939543252092506,30.5185314023263,0.374682810144801,48.4,-2.1000000000000014,412.191872366045,5.917478869497984,3.046776406035665
2011,30.8799657912256,64.1076284698584,866781260.0,54.131,21.156,7.048,2.532,5.24131619937695,44.2,5.0124057389161,67.623,69.3000030517578,-247017.0,1261224954.0,424.199245255096,1.41682761544376,31.2746502853309,1243481564.0,1225524753.0,1207930964.0,1225645760.3333333,17956811.0,1.4652344602622647,21.633,-0.5779999999999994,7.164,-0.12600000000000033,2.598,-0.07600000000000007,67.162,0.4620000000000033,8.49758470221235,0.6356958693516104,-50905.0,262000.0,68.325817300837,1.3939543252092506,30.9042190810094,0.3856876786831016,46.3,-2.1000000000000014,418.231449722352,6.0395773563070065,3.019681742043551
2012,30.4154795250561,64.4911322144707,874742588.0,53.509,20.672,6.945,2.47,5.45638755166587,42.2,5.09338826047327,68.076,69.8279300354369,-198935.0,1278674502.0,430.068210238834,1.37405616603306,31.5898935604399,1261224954.0,1243481564.0,1225524753.0,1243410423.6666667,17743390.0,1.426912188623329,21.156,-0.4770000000000003,7.048,-0.11599999999999966,2.532,-0.06599999999999984,67.623,0.4609999999999985,5.24131619937695,-3.2562685028354004,-247017.0,-196112.0,69.3000030517578,0.9741857509207961,31.2746502853309,0.37043120432149834,44.2,-2.0999999999999943,424.199245255096,5.967795532743992,3.0017026106696933
2013,29.9403754395359,64.8769968339134,882334475.0,53.364,20.061,6.859,2.399,6.38610640094825,40.1,5.18262772655076,68.499,70.4713337755427,-151372.0,1295829511.0,435.838110245225,1.33270430507476,31.9096789235237,1278674502.0,1261224954.0,1243481564.0,1261127006.6666667,17449548.0,1.3835397043690274,20.672,-0.4839999999999982,6.945,-0.10299999999999976,2.47,-0.06199999999999983,68.076,0.45299999999998875,5.45638755166587,0.21507135228891983,-198935.0,48082.0,69.8279300354369,0.5279269836791087,31.5898935604399,0.3152432751090011,42.2,-2.0,430.068210238834,5.86896498373801,2.9765298776097913
2014,29.4366305001804,65.2562148871274,889345693.0,53.206,19.089,6.77,2.293,7.41022760508854,38.2,5.30715461269221,68.932,71.1147375156485,-227263.0,1312277191.0,441.370107863944,1.26129027125347,32.2288233408821,1295829511.0,1278674502.0,1261224954.0,1278576322.3333333,17155009.0,1.341624390974209,20.061,-0.6110000000000007,6.859,-0.0860000000000003,2.399,-0.07100000000000017,68.499,0.4230000000000018,6.38610640094825,0.9297188492823807,-151372.0,47563.0,70.4713337755427,0.6434037401057964,31.9096789235237,0.319785363083799,40.1,-2.1000000000000014,435.838110245225,5.769900006390969,2.924770374690188
2015,28.9130012076453,65.6177857140772,895788394.0,53.031,18.936,6.729,2.289,7.99625378571471,36.3,5.46921307827757,69.326,71.75814125575431,-655085.0,1328024498.0,446.666542669658,1.19285563384335,32.5472990022299,1312277191.0,1295829511.0,1278674502.0,1295593734.6666667,16447680.0,1.269278084839048,19.089,-0.9720000000000013,6.77,-0.08900000000000041,2.293,-0.10599999999999987,68.932,0.43300000000000693,7.41022760508854,1.0241212041402896,-227263.0,-75891.0,71.1147375156485,0.6434037401057964,32.2288233408821,0.3191444173584017,38.2,-1.8999999999999986,441.370107863944,5.531997618719004,2.819645494830133
2016,28.3851530629213,65.9731160836743,902255954.0,52.852,18.756,6.7,2.284,8.25630550179086,34.6,5.64173085340436,69.709,72.4015449958601,81248.0,1343944296.0,452.020992940243,1.19162966402099,32.8650780972823,1328024498.0,1312277191.0,1295829511.0,1312043733.3333333,15747307.0,1.1999985298837674,18.936,-0.1529999999999987,6.729,-0.04099999999999948,2.289,-0.0040000000000000036,69.326,0.39399999999999125,7.99625378571471,0.5860261806261695,-655085.0,-427822.0,71.75814125575431,0.6434037401058106,32.5472990022299,0.31847566134779726,36.3,-1.9000000000000057,446.666542669658,5.296434805714,2.814088274632189
2017,27.8478721919213,66.3274225183491,908494076.0,52.671,17.995,6.673,2.193,6.79538341897911,32.9,5.8247052897296,70.068,73.0449487359659,-251642.0,1359657400.0,457.30592394028,1.1623961434697,33.1821328157539,1343944296.0,1328024498.0,1312277191.0,1328081995.0,15919798.0,1.198757856046719,18.756,-0.17999999999999972,6.7,-0.028999999999999915,2.284,-0.0050000000000003375,69.709,0.3830000000000098,8.25630550179086,0.2600517160761511,81248.0,736333.0,72.4015449958601,0.6434037401057964,32.8650780972823,0.3177790950524013,34.6,-1.6999999999999957,452.020992940243,5.354450270585005,2.799402985074627
2018,27.3277554659182,66.6529850197096,914169786.0,52.482,17.91,6.67,2.184,6.45385134497769,31.3,6.01925951437221,70.415,73.6883524760717,-589794.0,1374659064.0,462.351569862673,1.09729906702925,33.4984353473598,1359657400.0,1343944296.0,1328024498.0,1343875398.0,15713104.0,1.1691782201663514,17.995,-0.7609999999999992,6.673,-0.027000000000000135,2.193,-0.09099999999999975,70.068,0.35899999999999466,6.79538341897911,-1.4609220828117504,-251642.0,-332890.0,73.0449487359659,0.6434037401057964,33.1821328157539,0.3170547184716028,32.9,-1.7000000000000028,457.30592394028,5.284931000037034,2.696688146261052
2019,26.832323620307,66.944203338595,919344187.0,52.284,17.368,6.67,2.12,3.87143694070356,29.8,6.22347304109804,70.746,74.8938629973395,-978969.0,1389030312.0,467.185182245332,1.04001395098104,33.8139578818147,1374659064.0,1359657400.0,1343944296.0,1359420253.3333333,15001664.0,1.1033414741095808,17.91,-0.08500000000000085,6.67,-0.0030000000000001137,2.184,-0.008999999999999897,70.415,0.3470000000000084,6.45385134497769,-0.34153207400142005,-589794.0,-338152.0,73.6883524760717,0.6434037401057964,33.4984353473598,0.31630253160589916,31.3,-1.5999999999999979,462.351569862673,5.045645922392964,2.685157421289355
2020,26.3453740591996,67.2377729174314,923922894.0,51.547,16.744,7.214,2.047,-5.77772470686801,28.3,6.41685302336898,70.156,75.5270629470344,-73806.0,1402617695.0,471.755150192218,0.973438646910149,34.1286726088333,1389030312.0,1374659064.0,1359657400.0,1374448925.3333333,14371248.0,1.0454408934083164,17.368,-0.5420000000000016,6.67,0.0,2.12,-0.06400000000000006,70.746,0.33099999999998886,3.87143694070356,-2.58241440427413,-978969.0,-389175.0,74.8938629973395,1.2055105212677972,33.8139578818147,0.31552253445489953,29.8,-1.5,467.185182245332,4.833612382658998,2.6038980509745127
2021,25.9051614152815,67.5490478920304,927115988.0,52.522,16.491,9.259,2.014,9.68959249192875,27.0,6.54579069268807,67.282,76.0596617430205,-348916.0,1414203896.0,475.652042419085,0.822648220128724,34.4425517181304,1402617695.0,1389030312.0,1374659064.0,1388769023.6666667,13587383.0,0.9781919719546048,16.744,-0.6239999999999988,7.214,0.5440000000000005,2.047,-0.07299999999999995,70.156,-0.5899999999999892,-5.77772470686801,-9.649161647571571,-73806.0,905163.0,75.5270629470344,0.6331999496948981,34.1286726088333,0.3147147270185968,28.3,-1.5,471.755150192218,4.569967946886038,2.3210424175214857
2022,25.4877038842946,67.8132963616236,930009287.0,53.587,16.336,6.576,1.994,7.60936497768895,25.7,6.69899975408181,71.698,76.3199996948242,-1353478.0,1425423212.0,479.425536881262,0.790200540609834,34.7555673994206,1414203896.0,1402617695.0,1389030312.0,1401950634.3333333,11586201.0,0.8260412685011792,16.491,-0.2530000000000001,9.259,2.045,2.014,-0.03300000000000036,67.282,-2.8740000000000094,9.68959249192875,15.46731719879676,-348916.0,-275110.0,76.0596617430205,0.5325987959861038,34.4425517181304,0.3138791092971047,27.0,-1.3000000000000007,475.652042419085,3.896892226866953,1.781077870180365
2023,25.0570622244071,68.0210944742065,933771782.0,54.697,16.146,6.611,1.975,9.19075493028345,24.5,6.92184330138637,72.003,81.6999969482422,-979179.0,1438069596.0,483.679010086809,0.883289539766135,35.0676918424186,1425423212.0,1414203896.0,1402617695.0,1414081601.0,11219316.0,0.7933308649292534,16.336,-0.15500000000000114,6.576,-2.6830000000000007,1.994,-0.019999999999999796,71.698,4.415999999999997,7.60936497768895,-2.0802275142398,-1353478.0,-1004562.0,76.3199996948242,0.2603379518037059,34.7555673994206,0.31301568129019586,25.7,-1.3000000000000007,479.425536881262,3.773494462177041,2.484184914841849
2024,24.6239027058366,68.2295801537644,937610709.0,55.639,15.981,6.587,1.962,6.49476552383821,23.3,7.14651714039908,72.235,78.1625330351403,-630830.0,1450935791.0,483.679010086809,0.890706546985984,35.3788972368389,1438069596.0,1425423212.0,1414203896.0,1425898901.3333333,12646384.0,0.887202052943698,16.146,-0.18999999999999773,6.611,0.03500000000000014,1.975,-0.018999999999999906,72.003,0.3050000000000068,9.19075493028345,1.5813899525945008,-979179.0,374299.0,81.6999969482422,5.379997253417997,35.0676918424186,0.31212444299799813,24.5,-1.1999999999999993,483.679010086809,4.253473205546982,2.4422931477839964
2025,24.6239027058366,68.2295801537644,937610709.0,55.658,15.981,6.587,1.962,6.49476552383821,23.3,7.14651714039908,72.235,78.1625330351403,-495753.0,1450935791.0,483.679010086809,0.890706546985984,35.3788972368389,1450935791.0,1438069596.0,1425423212.0,1438142866.3333333,12866195.0,0.894685141511051,15.981,-0.16500000000000092,6.587,-0.02400000000000002,1.962,-0.013000000000000123,72.235,0.23199999999999932,6.49476552383821,-2.69598940644524,-630830.0,348349.0,78.1625330351403,-3.5374639131019023,35.3788972368389,0.3112053944203055,23.3,-1.1999999999999993,483.679010086809,0.0,2.426142401700319
