Year,Age_0_14,Age_15_64,Rural_Population,Labor_Force_Participation,Birth_Rate,Death_Rate,Fertility_Rate,GDP_Growth,Infant_Mortality,Age_65_Plus,Life_Expectancy,Literacy_Rate,Net_Migration,Population,Population_Density,Population_Growth,Urban_Population
1960,40.5830655127958,56.1178820205874,357839038.0,57.937,42.902,19.421,5.921,3.72274253311053,150.4,3.29905246661682,45.61,40.7599983215332,146955.0,435990338.0,150.197171724646,2.39642770212636,17.9250073975312
1961,40.8724161026076,55.7890578006095,366075862.0,57.937,42.67,19.227,5.937,3.72274253311053,148.4,3.33852609678285,45.824,40.7599983215332,295177.0,446564729.0,150.197171724646,2.39642770212636,18.0240089532608
1962,41.1607018326008,55.4442002824161,374315608.0,57.937,42.475,18.981,5.953,2.93112773548363,146.6,3.39509788498313,46.133,40.7599983215332,-70514.0,457283090.0,153.802175441193,2.3718292492177,18.1435710412125
1963,41.4507795047652,55.0910185087824,382544792.0,57.937,42.261,18.728,5.969,5.99435326188559,145.0,3.45820198645241,46.458,40.7599983215332,21640.0,468138575.0,157.453299318241,2.34617004494498,18.283856024527
1964,41.6284156555789,54.8590362734649,390845089.0,57.937,42.061,18.512,5.979,7.45295012250209,143.5,3.51254807095617,46.742,40.7599983215332,-141916.0,479229598.0,161.183643830364,2.34154578203199,18.4430405128829
1965,41.6687820140324,54.7792309385732,398877427.0,57.937,41.65,19.359,5.941,-2.63577011020728,142.0,3.5519870473944,45.558,40.7599983215332,-248299.0,490140146.0,164.853287546373,2.25115521196281,18.6197192716934
1966,41.6636702861234,54.7575774351527,406538553.0,57.937,41.205,19.058,5.881,-0.0553287704537979,140.5,3.57875227872386,45.884,40.7599983215332,-566982.0,500740247.0,168.418515802892,2.13961351155644,18.8124870663716
1967,41.6119803934068,54.7936108923147,414299154.0,57.937,40.831,18.783,5.825,7.82596303082235,139.2,3.59440871427849,46.184,40.7599983215332,-70314.0,511606372.0,172.073218327789,2.14680270986968,19.019938662331
1968,41.5489992342193,54.841810032698,422142663.0,57.937,40.485,17.515,5.76,3.38792917634143,137.9,3.60919073308266,47.925,40.7599983215332,-995416.0,522716889.0,175.810119434009,2.14844716038577,19.2406688249846
1969,41.4858386761944,54.8812200720328,429916532.0,57.937,40.058,17.267,5.684,6.53970029928357,136.4,3.63294125177274,48.26,40.7599983215332,-851844.0,533880544.0,179.564892926453,2.11321172870178,19.4732723197457
1970,41.3587261036841,54.9803453154402,438239792.0,57.937,39.763,17.014,5.624,5.15722973718955,134.8,3.66092858087571,48.585,40.7599983215332,233782.0,545864268.0,183.595487674854,2.21982378728468,19.7163439120276
1971,41.2306463818492,55.074520438461,446625401.0,57.937,39.724,16.812,5.565,1.64293037527582,133.1,3.69483317968977,48.902,40.7599983215332,-974574.0,558096387.0,187.709627369929,2.21613325893602,19.973429065388
1972,41.1093898370524,55.1551236420255,454808117.0,57.937,39.458,16.597,5.482,-0.553301305344547,131.2,3.73548652092206,49.213,40.7599983215332,-82816.0,570482142.0,191.875440856454,2.19501824226466,20.2765374145567
1973,40.9735754814576,55.249031970561,463040907.0,57.937,39.299,16.311,5.402,3.29552113471652,129.0,3.77739254798137,49.642,40.7599983215332,-404743.0,583465598.0,196.242284549592,2.25036255306664,20.6395528614156
1974,40.8343645306829,55.3502381043461,471397247.0,57.937,39.0,15.893,5.325,1.18533625466961,126.7,3.81539736497097,50.259,40.7599983215332,347869.0,597041391.0,200.808354326498,2.3000950671043,21.0444612042606
1975,40.6630683422924,55.4895000942526,480023660.0,57.937,38.362,15.528,5.195,9.14991201570659,124.0,3.847431563455,50.761,40.7599983215332,434205.0,611309535.0,205.607288804281,2.36169921715702,21.4761700378174
1976,40.487766691489,55.6368726804217,488675543.0,57.937,38.244,15.179,5.13,1.66310363813034,121.1,3.87536062808925,51.302,40.7599983215332,275984.0,625861883.0,210.501812194983,2.3526277752357,21.9195869568118
1977,40.3047875995931,55.7972836385708,497520414.0,57.937,37.563,14.817,5.007,7.25476458760367,117.9,3.8979287618361,51.822,40.7599983215332,590626.0,640801103.0,215.526455759639,2.35894044670683,22.3596195559694
1978,40.1251307879869,55.9571368552443,506345631.0,57.937,37.149,14.429,4.888,5.71253208869331,114.7,3.9177323567688,52.42,40.7599983215332,-210444.0,655728229.0,220.547031639418,2.30273010047879,22.7811754300159
1979,39.9511959628286,56.1143737446938,515654584.0,57.937,37.001,14.066,4.808,-5.23818270446218,111.4,3.93443029247757,53.014,40.7599983215332,774094.0,671155747.0,225.735908905923,2.32548037680355,23.169162173677
1980,39.7975374918351,56.2550850296868,525767491.0,57.937,37.057,13.752,4.775,6.7358215288198,108.2,3.94737747847816,53.593,40.7599983215332,210914.0,687354025.0,231.184022884511,2.38482579119883,23.5084873816783
1981,39.6851893410582,56.3557128209478,536304259.0,57.937,36.761,13.424,4.698,6.00620362601497,105.2,3.95909783799409,54.173,40.7599983215332,33243.0,703696250.0,236.680551865168,2.34973202595162,23.7875348455702
1982,39.5799049561857,56.4504746532764,547217333.0,57.937,36.403,13.093,4.62,3.47573323969961,102.4,3.96962039053794,54.735,41.505998611450195,-10687.0,720313473.0,242.26957342114,2.33396964438701,24.0306681216752
1983,39.4707064279418,56.551028608389,558530665.0,57.937,36.125,12.773,4.565,7.28889290305703,99.8,3.97826496366921,55.283,42.25199890136718,119694.0,737372681.0,248.007251806982,2.3406940951715,24.2539519859126
1984,39.370183967925,56.6451173589565,570227907.0,57.937,35.917,12.471,4.516,3.82073785610604,97.5,3.98469867311846,55.813,42.99799919128417,-32313.0,754875449.0,253.894116756749,2.34593300498783,24.4606633455594
1985,39.2770162225779,56.7327689888321,582152802.0,57.937,35.42,12.164,4.432,5.25429922311382,95.2,3.99021478858997,56.324,43.74399948120116,-89991.0,772647793.0,259.871650651321,2.3270540843985,24.654828858249
1986,39.1796534823412,56.8247451594739,594278830.0,57.937,35.22,11.879,4.399,4.77656416847516,93.0,3.99560135818491,56.819,44.48999977111815,-249545.0,790689978.0,265.939942620552,2.30826458791438,24.8404751816147
1987,39.0660255969583,56.9321068525389,606523489.0,57.937,34.442,11.577,4.311,3.96535563481719,90.8,4.00186755050278,57.291,45.23600006103514,-219150.0,808931270.0,272.075202055704,2.2808002561271,25.0216289732896
1988,38.9229795130071,57.0666278323093,618833388.0,57.937,33.892,11.286,4.222,9.62778291607844,88.6,4.01039265468364,57.744,45.98200035095213,-155676.0,827342990.0,278.267783088198,2.25053923542519,25.2023168909072
1989,38.7520975394047,57.2258215963335,631259149.0,57.937,33.279,11.0,4.132,5.94734333181324,86.4,4.02208086426184,58.196,46.72800064086912,-2907.0,846039529.0,284.556159882147,2.23467340339487,25.3865655921008
1990,38.5602244453119,57.4019050737805,643726151.0,57.937,32.569,10.726,4.045,5.53345456125301,84.4,4.03787048090769,58.618,47.474000930786104,125514.0,864972221.0,290.923964159707,2.213130886438,25.5784017345035
1991,38.3509937701057,57.5905921154682,656053177.0,57.966,32.023,10.472,3.959,1.05683143496063,82.5,4.05841411442611,59.032,48.2200012207031,-157911.0,883927600.0,297.299398962058,2.16777668657973,25.7797610905819
1992,38.1269662687286,57.7896275290253,668361079.0,57.997,31.414,10.225,3.877,5.48239602040357,80.7,4.08340620224614,59.445,49.49900093078611,35155.0,902957070.0,303.699753463452,2.12998519274824,25.9808576702657
1993,37.8896244154385,57.9978926827321,680737472.0,58.027,30.771,10.001,3.799,4.75077621776924,79.0,4.11248290182939,59.823,50.77800064086912,2364.0,922118387.0,310.144453264003,2.09986069412181,26.1767814681192
1994,37.6354900955109,58.2183206494931,692969292.0,58.063,30.295,9.777,3.723,6.65892407028434,77.3,4.14618925499594,60.237,52.05700035095213,-375253.0,941163767.0,316.550158920217,2.04435418122792,26.3710188638872
1995,37.3483016526577,58.4681391112119,705185767.0,58.395,29.77,9.572,3.651,7.57449183788519,75.6,4.18355923613031,60.63,53.336000061035136,-57297.0,960301044.0,322.986773129198,2.01296632914892,26.5661772139368
1996,37.0248809038195,58.751339330383,717468852.0,58.729,29.217,9.371,3.582,7.54952224920051,73.9,4.22377976579751,61.027,54.61499977111815,-26388.0,979678458.0,329.5041547967,1.99775909414655,26.7648638746349
1997,36.6813678630757,59.0516480610389,729670522.0,59.066,28.685,9.174,3.514,4.04982084998183,72.1,4.26698407588542,61.439,55.89399948120116,880.0,999133762.0,336.047733915424,1.966425183613,26.9696862023486
1998,36.3196138518854,59.3675103695515,741758789.0,59.404,28.199,8.988,3.446,6.18441582172117,70.2,4.31287577856306,61.852,57.17299919128417,-1049.0,1018665080.0,342.61687951325,1.93596384442712,27.1832515534447
1999,35.9382456334839,59.7005235536315,753667153.0,59.743,27.73,8.805,3.383,8.84575555939531,68.3,4.36123081288453,62.284,58.45199890136718,-95320.0,1038225823.0,349.195921888611,1.90202919152067,27.4081672842903
2000,35.5530832514968,60.0363292788794,765438404.0,60.079,27.518,8.628,3.35,3.84099115659129,66.3,4.41058746962383,62.749,59.73099861145019,-143960.0,1057922733.0,355.82076254797,1.87939826197393,27.6470407512523
2001,35.1665921350717,60.3721236017034,777133989.0,59.923,27.206,8.482,3.303,4.82396626555771,64.3,4.46128426322486,63.158,61.0099983215332,-70346.0,1077898575.0,362.539418940599,1.87060822112685,27.9028652096636
2002,34.7802511535299,60.7034726242062,788343923.0,59.765,26.538,8.294,3.217,3.80397532112175,62.4,4.51627622226394,63.649,61.35799865722656,-732419.0,1097600380.0,369.165905979773,1.81129424097937,28.1756878910456
2003,34.3900068263248,61.0366264092953,798893541.0,59.606,25.783,8.125,3.122,7.8603814759073,60.4,4.57336676437993,64.086,61.70599899291992,-606970.0,1116803006.0,375.624499611528,1.73438204419235,28.4660287698
2004,33.9801045969698,61.3938727280818,809137143.0,59.445,25.121,7.982,3.046,7.92293661199932,58.5,4.62602267494844,64.484,62.05399932861328,-206660.0,1135991513.0,382.078344471763,1.7035704679088,28.7726067228528
2005,33.561919528129,61.7634053727483,818728445.0,59.289,24.304,7.819,2.958,7.92343062148318,56.5,4.67467509912271,64.939,62.40199966430664,-929454.0,1154676322.0,388.36277600826,1.63142146860079,29.0945497159107
2006,33.1286520695793,62.1494488498081,827689071.0,58.345,23.564,7.67,2.867,8.06073257166651,54.5,4.72189908061262,65.373,62.75,-342177.0,1172878890.0,394.485011048739,1.56412522526913,29.4309857146804
2007,32.6823291810805,62.5476673904344,836080287.0,57.418,22.932,7.536,2.775,7.6608150670107,52.5,4.7700034284851,65.803,64.14395432520925,-1037200.0,1190676021.0,400.470881780175,1.50599144392136,29.7810426848684
2008,32.2404380107605,62.9374830161807,843814083.0,56.511,22.506,7.41,2.711,3.08669805921981,50.5,4.82207897305879,66.247,65.5379086504185,-1020047.0,1207930964.0,406.274393496547,1.43877181746736,30.1438485921815
2009,31.797288593811,63.3246171976748,851512596.0,55.627,22.211,7.29,2.674,7.86188883286074,48.4,4.87809420851412,66.7,66.93186297562775,-312905.0,1225524753.0,412.191872366045,1.44601731955273,30.5185314023263
2010,31.3423674128553,63.7171853960836,859193297.0,54.766,21.633,7.164,2.598,8.49758470221235,46.3,4.94044719106105,67.162,68.325817300837,-50905.0,1243481564.0,418.231449722352,1.45460361883041,30.9042190810094
2011,30.8799657912256,64.1076284698584,866781260.0,54.131,21.156,7.048,2.532,5.24131619937695,44.2,5.0124057389161,67.623,69.3000030517578,-247017.0,1261224954.0,424.199245255096,1.41682761544376,31.2746502853309
2012,30.4154795250561,64.4911322144707,874742588.0,53.509,20.672,6.945,2.47,5.45638755166587,42.2,5.09338826047327,68.076,69.8279300354369,-198935.0,1278674502.0,430.068210238834,1.37405616603306,31.5898935604399
2013,29.9403754395359,64.8769968339134,882334475.0,53.364,20.061,6.859,2.399,6.38610640094825,40.1,5.18262772655076,68.499,70.4713337755427,-151372.0,1295829511.0,435.838110245225,1.33270430507476,31.9096789235237
2014,29.4366305001804,65.2562148871274,889345693.0,53.206,19.089,6.77,2.293,7.41022760508854,38.2,5.30715461269221,68.932,71.1147375156485,-227263.0,1312277191.0,441.370107863944,1.26129027125347,32.2288233408821
2015,28.9130012076453,65.6177857140772,895788394.0,53.031,18.936,6.729,2.289,7.99625378571471,36.3,5.46921307827757,69.326,71.75814125575431,-655085.0,1328024498.0,446.666542669658,1.19285563384335,32.5472990022299
2016,28.3851530629213,65.9731160836743,902255954.0,52.852,18.756,6.7,2.284,8.25630550179086,34.6,5.64173085340436,69.709,72.4015449958601,81248.0,1343944296.0,452.020992940243,1.19162966402099,32.8650780972823
2017,27.8478721919213,66.3274225183491,908494076.0,52.671,17.995,6.673,2.193,6.79538341897911,32.9,5.8247052897296,70.068,73.0449487359659,-251642.0,1359657400.0,457.30592394028,1.1623961434697,33.1821328157539
2018,27.3277554659182,66.6529850197096,914169786.0,52.482,17.91,6.67,2.184,6.45385134497769,31.3,6.01925951437221,70.415,73.6883524760717,-589794.0,1374659064.0,462.351569862673,1.09729906702925,33.4984353473598
2019,26.832323620307,66.944203338595,919344187.0,52.284,17.368,6.67,2.12,3.87143694070356,29.8,6.22347304109804,70.746,74.8938629973395,-978969.0,1389030312.0,467.185182245332,1.04001395098104,33.8139578818147
2020,26.3453740591996,67.2377729174314,923922894.0,51.547,16.744,7.214,2.047,-5.77772470686801,28.3,6.41685302336898,70.156,75.5270629470344,-73806.0,1402617695.0,471.755150192218,0.973438646910149,34.1286726088333
2021,25.9051614152815,67.5490478920304,927115988.0,52.522,16.491,9.259,2.014,9.68959249192875,27.0,6.54579069268807,67.282,76.0596617430205,-348916.0,1414203896.0,475.652042419085,0.822648220128724,34.4425517181304
2022,25.4877038842946,67.8132963616236,930009287.0,53.587,16.336,6.576,1.994,7.60936497768895,25.7,6.69899975408181,71.698,76.3199996948242,-1353478.0,1425423212.0,479.425536881262,0.790200540609834,34.7555673994206
2023,25.0570622244071,68.0210944742065,933771782.0,54.697,16.146,6.611,1.975,9.19075493028345,24.5,6.92184330138637,72.003,81.6999969482422,-979179.0,1438069596.0,483.679010086809,0.883289539766135,35.0676918424186
2024,24.6239027058366,68.2295801537644,937610709.0,55.639,15.981,6.587,1.962,6.49476552383821,23.3,7.14651714039908,72.235,78.1625330351403,-630830.0,1450935791.0,483.679010086809,0.890706546985984,35.3788972368389
2025,24.6239027058366,68.2295801537644,937610709.0,55.658,15.981,6.587,1.962,6.49476552383821,23.3,7.14651714039908,72.235,78.1625330351403,-495753.0,1450935791.0,483.679010086809,0.890706546985984,35.3788972368389
