Year,Previous_Population,Predicted_Population_Change,Predicted_Population,Predicted_Growth_Rate
2026,1450935791.0,6071667.88063772,1457007458.8806376,0.4184656494311898
2027,1457007458.8806376,4939341.975200132,1461946800.8558378,0.33900594983877685
2028,1461946800.8558378,3807016.069762841,1465753816.9256008,0.26040729166985943
2029,1465753816.9256008,2674690.1643241793,1468428507.089925,0.18247881284282147
2030,1468428507.089925,1542364.2588846236,1469970871.3488097,0.10503502563711609
2031,1469970871.3488097,410038.3534473926,1470380909.7022572,0.02789431827796365
2032,1470380909.7022572,-722287.5519896001,1469658622.1502676,-0.04912247889125946
2033,1469658622.1502676,-1854613.457429096,1467804008.6928384,-0.12619348666941432
2034,1467804008.6928384,-2986939.362866923,1464817069.3299716,-0.20349715256105344
