year,population_growth,birth_rate,death_rate,fertility_rate,life_expectancy,urban_population,gdp_growth,prev_population,population_ma3,population_change,population_lag_1,population_lag_2,birth_rate_lag_1,birth_rate_lag_2,death_rate_lag_1,death_rate_lag_2,fertility_rate_lag_1,fertility_rate_lag_2,gdp_growth_lag_1,gdp_growth_lag_2
1965,0.7227623919160263,1.4540026821171288,2.05898419085737,1.6969700586500776,-1.805049996757074,-1.7418526089075237,-2.578664641918677,-1.502177544840324,-1.4939603714681275,-1.8799121036204813,-1.502177544840324,-1.4937264388063984,1.4673704309917024,1.4538532899296093,1.7478708047712863,1.7204150170941457,1.6633723814755428,1.5937414089040987,0.7677338181474883,0.2939468599092712
1966,0.40359708887269524,1.3892918228366105,1.979448543364034,1.6424366219137567,-1.7579696401946479,-1.6928178364722366,-1.7242343094216108,-1.4596336584060379,-1.4508716208715018,-1.942042642149285,-1.4596336584060379,-1.4501037816446654,1.4067972408897533,1.4238831734240864,1.968368366694379,1.6649148331048134,1.6288837737521304,1.6028451365850802,-2.5829261856191383,0.7807284499779409
1967,0.4241682532885534,1.3349056175087148,1.9067830846907214,1.5915387476265235,-1.7146441586954833,-1.6400479128644698,0.885402526932167,-1.4183003089596156,-1.4081177809096683,-2.0489174962545706,-1.4183003089596156,-1.407190959729984,1.3412131299521202,1.3622945840052376,1.8900097289861721,1.8825474990259443,1.5744280773467434,1.5682509713973494,-1.7259114811033416,-2.586208233651359
1968,0.42887368224826505,1.284591106697345,1.5717292606988633,1.532460857828842,-1.4632119477286623,-1.583900290729811,-0.5841099488986651,-1.375929642703369,-1.3656588722354,-1.9573357570575274,-1.375929642703369,-1.3654991724347323,1.2860930007595932,1.2956110747804503,1.818419611478675,1.8052069648556246,1.5236027607017149,1.5136286053114594,0.8916186522957451,-1.7250303630825083
1969,0.3280510554610459,1.2224977653203084,1.5061982288771116,1.463385171296169,-1.4148318267212612,-1.5247324227137702,0.4594979049374437,-1.3326060100614332,-1.3229377241697495,-1.8732010759541537,-1.3326060100614332,-1.3227610728426984,1.2350995122552757,1.239566956915124,1.4883240878441046,1.7345470083877255,1.464609089595878,1.462647730297962,-0.5823386176619689,0.9052150860944681
1970,0.633110686627843,1.17959955523547,1.4393460068976636,1.4088517345598472,-1.3678958884304988,-1.4629017614618587,0.0017371475662857675,-1.2890751745331397,-1.2794775312622926,-1.8549077247623347,-1.2890751745331397,-1.2790617428547786,1.1721682417600636,1.1877186553605696,1.423762818237343,1.4087403727466468,1.3956318741490543,1.4034735003715804,0.46442580825895735,-0.575902304731192
1971,0.6225506127317233,1.1739282664445931,1.3859699245267214,1.3552271884357987,-1.3221152963130478,-1.3975064395277035,-1.1619102975568172,-1.2423466148938043,-1.2345517187759536,-1.5725897937426512,-1.2423466148938043,-1.2351534131419228,1.1286911345092727,1.1237324566212794,1.3578999101304452,1.3450179392774133,1.3411761777436664,1.3342851699961196,0.005280474465792506,0.47594704458786985
1972,0.5621321264604249,1.135247168537587,1.3291587477457676,1.2797892676172211,-1.27720121382558,-1.3204040949709577,-1.889121932327915,-1.1946494798290326,-1.1881550371756353,-1.4870770350898619,-1.1946494798290326,-1.188019629038073,1.1229433135506934,1.0795265347756335,1.3053137147249385,1.2800107793269457,1.2876280762783694,1.279662803910229,-1.1618866232052891,0.014571296010695138
1973,0.7204942785926284,1.112125760390166,1.2535866707255217,1.2070780186354595,-1.2152457752817738,-1.2280630488074353,-0.6147079061219506,-1.1463532664653324,-1.1401556933616321,-1.4341861226786623,-1.1463532664653324,-1.139908870138869,1.0837402270126928,1.0736823620570566,1.249343259219077,1.228107829485071,1.2122976962509164,1.2259508105924375,-1.891297835085389,-1.1582656115407328
1974,0.8627988414252566,1.06864587966011,1.143135173542086,1.137093441490514,-1.126139701665158,-1.1250656135683266,-1.3134279044851027,-1.0957264164126537,-1.0908453007789425,-1.22842086428163,-1.0957264164126537,-1.0911938378055828,1.0603068031046397,1.033822107104712,1.174889537011279,1.172864590791986,1.139690101043733,1.150389870840289,-0.6130291236882061,-1.8912201231798864
1975,1.0390728909392117,0.9758694117478165,1.046688292030234,1.0189376618951516,-1.0536417292898883,-1.0152508779321212,1.3237857422126447,-1.0427898457062714,-1.0397728138117415,-1.0245022229155911,-1.0427898457062714,-1.0401279577814906,1.0162401757555335,1.0099958644828217,1.0660725583998831,1.09937823606537,1.0698052906568192,1.0775600493924353,-1.3138625212882742,-0.606741897665934
1976,1.0131158766628476,0.958710127713881,0.9544692190230113,0.9598597720974701,-0.9755114443197278,-0.9024579305772839,-1.1552305690069773,-0.9871535662119653,-0.9862317614883858,-0.7861526427468386,-0.9871535662119653,-0.9867323274832163,0.922211720074163,0.9651905403070659,0.9710529478899319,0.991975102234163,0.9518179484451463,1.007461346248876,1.3313278332775351,-1.3109797710519615
1977,1.0311789481038942,0.8596807003654926,0.8588150516057774,0.8480662267880115,-0.900413943054508,-0.7905258601823277,0.6962684946089336,-0.9304090799896222,-0.9306332638448821,-0.6883122350890463,-0.9304090799896222,-0.9306135768462155,0.9048208771738465,0.8695858686544496,0.8801985805804168,0.8981900691040418,0.8928242773393096,0.8891128863961139,-1.1551866906635024,1.3470602658238104
1978,0.8703387231236207,0.7994777885854147,0.7562906953685212,0.7399082439276414,-0.8140518165995059,-0.6832937554257429,0.18560769929023524,-0.872156050068777,-0.8732467677282433,-0.5551272194264045,-0.872156050068777,-0.8733770092453518,0.8044550804355812,0.8519034999161911,0.7859599531705473,0.808516160713871,0.781190099708265,0.8299386564697323,0.7019125514464595,-1.1515331323791873
1979,0.9354363396298937,0.777955974712343,0.6603722899197481,0.6671969949458798,-0.7282673632311589,-0.5846007049860181,-3.440370050194377,-0.8139501787106855,-0.8149960824692283,-0.5592907142759258,-0.8139501787106855,-0.8146188160359691,0.7434397502598953,0.7498552532148877,0.6849528055599692,0.7155019634724905,0.67318630183758,0.717962805993657,0.1897071744102238,0.7145874397980023
1980,1.105247245333282,0.7860993637453976,0.5774015480164015,0.6372036047409037,-0.6446491839377704,-0.4982857975416695,0.5244371557473005,-0.7537931110954834,-0.7555976990762213,-0.38702516815870713,-0.7537931110954834,-0.75590819034274,0.7216275066222101,0.687817112048456,0.5904538504500726,0.6158071885286904,0.6005787066303966,0.6096284465899748,-3.4472379706359684,0.1998938953748677
1981,1.004829982737761,0.7430557359992552,0.4907314736715042,0.5672190275959582,-0.5608865863727183,-0.42730387385765795,0.28284760372559115,-0.6906305917002159,-0.694548186740053,-0.1216824122287413,-0.6906305917002159,-0.6952294478524876,0.729880787998632,0.665639225834369,0.5087109526415118,0.5225360459910632,0.570628073607434,0.5367986251421211,0.5295614790416631,-3.454718632138502
1982,0.9597275208743952,0.6909962132522308,0.40326868523198933,0.4963255598387405,-0.4797235176976161,-0.36545752195454817,-0.555036451317476,-0.6269067746670519,-0.631642913258378,-0.07212704650160082,-0.6269067746670519,-0.6315191906648102,0.6862563007232626,0.6740308584559159,0.423323467032569,0.4418552229695343,0.5007432632205201,0.5067563237948819,0.28724119772054096,0.5413991283936154
1983,0.9789688572052255,0.6505701034095701,0.3187125151394068,0.4463365761637797,-0.40058230482580776,-0.3086603090714013,0.7075689909508363,-0.5621106481878677,-0.5671774603732727,0.022544092627607683,-0.5621106481878677,-0.5672427683334432,0.6334942519239974,0.6296750860277428,0.3371549983235449,0.3575771658005483,0.42995085789351606,0.4366576206513227,-0.5531771822691436,0.2979017149137953
1984,0.9939594681879697,0.620323229858227,0.23891262961453222,0.40180093616245044,-0.3240406208439494,-0.2560786810199401,-0.4407992452365463,-0.49559107393633905,-0.5015829836933648,0.17470237533520272,-0.49559107393633905,-0.5018847376171542,0.5925226050910493,0.5760285774828571,0.25385013431482045,0.2725282727428221,0.38003313618857776,0.36564854473966507,0.7132472280900591,-0.5465992102778557
1985,0.9399393448702119,0.5480506521898728,0.15779155393196082,0.3254541247316012,-0.25024288402370565,-0.20668836794710976,0.03387859246404762,-0.42734191045915537,-0.4344665706633575,0.32740286941934776,-0.42734191045915537,-0.4347883135961513,0.5618675599786277,0.5343701155401811,0.17523116890658696,0.19030577794381168,0.3355609841241777,0.31557804249426585,-0.4385944460406233,0.7259771775050543
1986,0.8861750995921,0.5189671199289653,0.08248371494325454,0.2954607345266242,-0.1787558395500827,-0.1594650999998826,-0.12430803836221671,-0.3580415797326814,-0.365835331695265,0.42020742436845837,-0.3580415797326814,-0.3659473015591774,0.4886196877628891,0.503201194374438,0.09531056499821695,0.11270829847724574,0.2593230091566355,0.2709697768574551,0.0375191367113896,-0.4314598593784097
1987,0.8075886897934808,0.4058321794340369,0.0026838294183799496,0.21547836064668643,-0.11059041532473057,-0.11338460732527962,-0.39291370920612456,-0.2876890484330269,-0.2959150164692377,0.5131032085333059,-0.2876890484330269,-0.29604600667660563,0.4591436828470985,0.42872545485821484,0.021117170490446792,0.03382609252944507,0.22937237613367203,0.19449846433720905,-0.12114595688345402,0.04696656572586018
1988,0.7209998373056794,0.3258524657165427,-0.07420943775956232,0.13458709615447717,-0.04516893826099097,-0.06742262007022347,1.4820173539935964,-0.216560132152868,-0.2250262007042206,0.5816480215813983,-0.216560132152868,-0.2250833866636848,0.3444820237246748,0.398755338352692,-0.05750179491778671,-0.039403316900923566,0.14950402140577032,0.16445616298996907,-0.39056407194124254,-0.11246928375914275
1989,0.6756013623896338,0.2367114393368625,-0.14978151477980778,0.05278694104999478,0.020108120531084062,-0.020554868381682762,0.26335790637387235,-0.1447666599331521,-0.1532989071096173,0.6403197679195999,-0.1447666599331521,-0.15333764895282925,0.26342301020625214,0.28217158514621,-0.13325715562572052,-0.1170007963674895,0.0687280717377793,0.0843433593973299,1.4900380438797274,-0.383196165568279
1990,0.6139596272555438,0.13346489981064213,-0.2221827354215813,-0.026286542217670645,0.08105263117324345,0.0282429175933178,0.1263119234257138,-0.07186258289410659,-0.08071349353287409,0.7383718962101403,-0.07186258289410659,-0.0809215923530164,0.17307905513935523,0.19975376475602374,-0.2077108778335178,-0.19177187757533964,-0.012955472870302614,0.003320183036593061,0.26769255041518214,1.5065414514834556
1991,0.48418316796439714,0.05406685673836581,-0.28929919543256893,-0.10445113487306415,0.14084179564209037,0.07946314460013106,-1.3559781512742464,0.001962333905977157,-0.007221377841293909,0.8196702093570721,0.001962333905977157,-0.007385299902087946,0.06843923768829989,0.10789535766659761,-0.2790406676409878,-0.26525823230195505,-0.09191623265811424,-0.07861336609224305,0.130232048236912,0.27825810510147375
1992,0.3760466276638264,-0.0344924989960966,-0.354565989222781,-0.17898016507936998,0.20048654183927475,0.1306165285913251,0.10940552630568862,0.07587571492908018,0.06698369238463717,0.8274804630077327,0.07587571492908018,0.06707981772183985,-0.012030255731807264,0.0015014440719928995,-0.3451639034479131,-0.33566124347360743,-0.1699693975058362,-0.15781579691678374,-1.3565414686431745,0.14012985370806302
1993,0.2898484192977658,-0.12799605521491306,-0.4137553082875888,-0.24987363283658734,0.2550766485282227,0.18045410056978348,-0.13284689059521565,0.15007800161391557,0.14162536839852655,0.8529871189442202,0.15007800161391557,0.14163416671991846,-0.10178469070038869,-0.08031697398808321,-0.40946484535464717,-0.40092534872032226,-0.24439218259319936,-0.23610785497322637,0.11327451480068554,-1.353866042206409
1994,0.13102214227209139,-0.19721486199587185,-0.47294462735239656,-0.31894931936926085,0.3148658129970706,0.22986269870105552,0.49897503031455986,0.22479440397788106,0.21656686328861585,0.8983769242546906,0.22479440397788106,0.21647992673497632,-0.1965500465046543,-0.17157597874739924,-0.46777825016075425,-0.46439083689330835,-0.315184587920203,-0.3107584219572767,-0.12971063634887173,0.12308994475695538
1995,0.04120897567900691,-0.27355913418075334,-0.5271134238179572,-0.38438944345284626,0.3716221937609769,0.27950556202012405,0.8021359121540693,0.2990587290894911,0.29162638551026077,0.8584643145003541,0.2990587290894911,0.29184426077867,-0.26670293820423485,-0.2679299033126539,-0.5260916549668614,-0.5219465832526157,-0.3841618033670272,-0.38176749786893394,0.5040223390156864,-0.12107556832493718
1996,-0.002304990400942212,-0.3539751008821616,-0.5802252681573602,-0.44710289569961553,0.4289562476115384,0.3300459295619238,0.7938680342397415,0.3736813914295934,0.3668272858558485,0.8901008852119843,0.3736813914295934,0.36675259721029857,-0.34407745110818444,-0.3392587805957971,-0.5794588334724504,-0.5795023296119229,-0.44950863905349225,-0.45095582824439506,0.8081001832691003,0.5157359255245858
1997,-0.09196380871318263,-0.4313372966961745,-0.6322801603706065,-0.5089074573341129,0.4884565755370582,0.3821470403614386,-0.3649457640466139,0.4492404284831079,0.44231157585563013,0.9727707349456941,0.4492404284831079,0.44202237832788543,-0.4255786047003445,-0.4179303364227938,-0.6317847011779301,-0.632176115342539,-0.5121326899196879,-0.5165026675474634,0.7998072977309518,0.8212909049450059
1998,-0.17912585229820063,-0.5020102800901783,-0.6814284342369201,-0.5707120189686099,0.5481013217342415,0.436472133453576,0.3418568527584824,0.5251031847736732,0.5183334402808134,0.9995852391485395,0.5251031847736732,0.5182366542880894,-0.5039847777763464,-0.5007977085605634,-0.6830692580833012,-0.6838221198881671,-0.5738491458457937,-0.5793183885462373,-0.36251153290421767,0.8129577346143417
1999,-0.27622643207328607,-0.5702111632420057,-0.7297839940086156,-0.6279721275417472,0.6104900150930395,0.4936844478733225,1.2230740933588078,0.601262345148013,0.5948720501616405,1.0257539093562051,0.601262345148013,0.5947572833021394,-0.5756114697217162,-0.5805182184652531,-0.7314902102883722,-0.734440343248808,-0.6355656017718991,-0.6412237367769129,0.34642893041236456,-0.355007354215732
2000,-0.3409825498357245,-0.6010397074385672,-0.7765541255910752,-0.6579655177467237,0.6776445114167458,0.5544472226556102,-0.43409301479403284,0.6775362434675346,0.6716510777341237,1.0358837949149253,0.6775362434675346,0.6715768867806272,-0.6447327012492444,-0.653345601573672,-0.7791301793933615,-0.7822321683507328,-0.6927440829975562,-0.7031290850075883,1.2303115646585063,0.35737696701246396
2001,-0.3661343633772126,-0.6464100177655825,-0.8151328781958161,-0.7006833765235088,0.7367115845272739,0.6195218588131668,-0.10861235524501374,0.7543411025952665,0.7487469474691134,1.0827608085725045,0.7543411025952665,0.7485122231979958,-0.6759772664599819,-0.7236255247791223,-0.825208182298187,-0.8292531575639168,-0.7226947160205193,-0.7604825693977733,-0.4318679314466143,1.2455532850873523
2002,-0.5358553231573402,-0.7435490155170121,-0.864809628125208,-0.7788479691789023,0.8076209559142405,0.6889203707330843,-0.4463496207166915,0.8322336111546208,0.8264257660772532,1.1787862712289179,0.8322336111546208,0.8259831248520194,-0.7219598341286149,-0.755393848274976,-0.8632160265021677,-0.8747324749996194,-0.7653516782047396,-0.7905248707450129,-0.10540279946352536,-0.4247006690355884
2003,-0.7559318013338877,-0.8533393498019363,-0.9094658554553533,-0.8651925773447443,0.8707317406313573,0.7627750254597704,0.8967990903900968,0.9090575575293083,0.9042895734237826,1.0844459671047029,0.9090575575293083,0.9045511079030825,-0.820409690547354,-0.8021472300235912,-0.9121576341072929,-0.912246488251668,-0.8434048430524616,-0.833312390845627,-0.44416160958942524,-0.09664964996349594
2004,-0.8440960129780951,-0.9496058415855392,-0.947251893965476,-0.9342682638774178,0.9282102127535823,0.8407599408690873,0.9175122160508451,0.983935037540768,0.9815051766220195,0.9125980098127255,0.983935037540768,0.9820412623263778,-0.9316816091044618,-0.902247419152036,-0.9561530154119006,-0.9605522039460863,-0.9296263623609919,-0.9116044489020696,0.9030496866269457,-0.4370540668345986
2005,-1.0505430829485203,-1.0684120708713447,-0.9903226931063853,-1.0142506377573552,0.993920526360649,0.9226532956594063,0.9176757914365937,1.0587574628352177,1.0576882685249356,0.9077373860504971,1.0587574628352177,1.057568070863605,-1.029247185375728,-1.0153846089603829,-0.9933798765157993,-1.0039759590118138,-0.9986035778078162,-0.9980898618713961,0.9238254627114234,0.916701649571001
2006,-1.243104482123679,-1.176021140236701,-1.029694159805744,-1.096959683474109,1.0565980562627761,1.0082332685290984,0.9631389256455833,1.1316158006696078,1.1325376716456985,0.7343337124343106,1.1316158006696078,1.1330393472559197,-1.1496566654567308,-1.1145856945936625,-1.0358132916202434,-1.0407191363751216,-1.0784719325357175,-1.0672781922468573,0.92398953285916,0.9375783492513808
2007,-1.4094484223121337,-1.2679251021811675,-1.065102056032013,-1.1805776198031348,1.1186979130782448,1.0972780381764824,0.8307190790052777,1.2025937190843725,1.2060755984813014,0.5683168512032885,1.2025937190843725,1.2065295038572958,-1.2587178836451542,-1.2370136205187217,-1.0746021189243056,-1.0826012196633674,-1.1610630720838886,-1.1473909958394959,0.9695901781646835,0.9377432164114274
2008,-1.601790590034952,-1.3298730258968994,-1.0983960480059671,-1.238746618988544,1.1828196256970096,1.1895657832999549,-0.6838529655662235,1.2719907026382797,1.2777888745189105,0.4287406265211856,1.2719907026382797,1.2781229342673794,-1.3518620591790516,-1.3479030515891544,-1.109486030727959,-1.1208860688041566,-1.2445618065721495,-1.2302349177364298,0.8367698048420191,0.9835653784045095
2009,-1.5810583180653373,-1.3727712359817377,-1.1301046117906857,-1.2723755716426088,1.2482411027607492,1.2848746825978614,0.8972982032678352,1.339273513311225,1.347627023963907,0.24208633964569087,1.339273513311225,1.3481217201391114,-1.4146459496496844,-1.4426086197466055,-1.142287320931394,-1.1553167385012424,-1.3026478827378962,-1.3139892124014616,-0.682383324299482,0.8500997964682038
2010,-1.5564894904340798,-1.4568226442157592,-1.16339860376464,-1.3414512581752824,1.3149623442694638,1.382982914768547,1.1077884882626483,1.4078775981990597,1.4166668204919688,0.3587378673272587,1.4078775981990597,1.415987999276234,-1.4581230569004753,-1.506444967903368,-1.1735266449346657,-1.1876918458283525,-1.3362288955212185,-1.3722530695597446,0.9035503091577318,-0.6764330038776626
2011,-1.6645817063922423,-1.5261868686580227,-1.1940502154232011,-1.4014380385852354,1.3815391675065136,1.4772103236422973,0.02957968083315146,1.4778972276352662,1.4859160214077896,0.4837122535735715,1.4778972276352662,1.4851870105597624,-1.5433087111071089,-1.5506508897490137,-1.2063279351381009,-1.2185252813779814,-1.4052061109680427,-1.4059368619793768,1.114677258350977,0.9172047040025638
2012,-1.7869678862965697,-1.5965690167294175,-1.221266732671751,-1.4577892565461004,1.4469606445702512,1.5573994562851707,0.10079365660381205,1.5470846570035481,1.5558057718287979,0.41023968583091586,1.5470846570035481,1.5558138418242038,-1.6136089828312685,-1.6372645264499734,-1.2365259483412634,-1.2509003887050918,-1.4651073770139689,-1.475125192354838,0.03320722228025645,1.1293572558408218
2013,-1.9052920573113388,-1.685419207786489,-1.2439912033841327,-1.522320490017414,1.5080495734840742,1.6387439699427884,0.4086402149747239,1.6151262978488683,1.6255063645701033,0.3090812888098289,1.6151262978488683,1.625601256281547,-1.6849409147274805,-1.7087432543156444,-1.2633397014440715,-1.280706043069733,-1.5213782632995356,-1.535209795049317,0.1046365970124525,0.04263370507794828
2014,-2.109636097818875,-1.8267651745744977,-1.2675083881911322,-1.618662894918248,1.5705826851145368,1.71992544481148,0.7477450833901707,1.6820194323344284,1.6941554739890472,0.20768294173829402,1.6820194323344284,1.6942329460752843,-1.7749901097452196,-1.7812709362590085,-1.2857278836464163,-1.3071714085831645,-1.585817504045911,-1.5916529066714036,0.41341429043470457,0.1144100660946375
2015,-2.3054548966007338,-1.8490140767540915,-1.2783421474842442,-1.622298457367336,1.6274834841501056,1.8009368067271785,0.9417888450717437,1.7461544537859157,1.7611053890238224,-0.03582298255615146,1.7461544537859157,1.761706169799863,-1.9182434936359603,-1.8728296421833794,-1.308897048948843,-1.3292687040603985,-1.6820225676954288,-1.656289373206374,0.7535448400555306,0.4246877253919467
