Year,Population,Previous_Population,Population_Change,Population_Growth_Rate,Source_Type,Data_Status,Source,Growth_Category,Population_Direction,Insight
1960,435990338.0,,,,Historical,Official,Official WDI dataset,Not Available,Not Available,"In 1960, India's official population was approximately 435,990,338."
1961,446564729.0,435990338.0,10574391.0,2.4253727842932227,Historical,Official,Official WDI dataset,Very High Growth,Increasing,"In 1961, India's official population was approximately 446,564,729. The annual population growth rate is approximately 2.4254%."
1962,457283090.0,446564729.0,10718361.0,2.400180825745424,Historical,Official,Official WDI dataset,Very High Growth,Increasing,"In 1962, India's official population was approximately 457,283,090. The annual population growth rate is approximately 2.4002%."
1963,468138575.0,457283090.0,10855485.0,2.3739091248705435,Historical,Official,Official WDI dataset,Very High Growth,Increasing,"In 1963, India's official population was approximately 468,138,575. The annual population growth rate is approximately 2.3739%."
1964,479229598.0,468138575.0,11091023.0,2.369175195613815,Historical,Official,Official WDI dataset,Very High Growth,Increasing,"In 1964, India's official population was approximately 479,229,598. The annual population growth rate is approximately 2.3692%."
1965,490140146.0,479229598.0,10910548.0,2.2766849221195207,Historical,Official,Official WDI dataset,Very High Growth,Increasing,"In 1965, India's official population was approximately 490,140,146. The annual population growth rate is approximately 2.2767%."
1966,500740247.0,490140146.0,10600101.0,2.1626673690181564,Historical,Official,Official WDI dataset,Very High Growth,Increasing,"In 1966, India's official population was approximately 500,740,247. The annual population growth rate is approximately 2.1627%."
1967,511606372.0,500740247.0,10866125.0,2.1700123097954327,Historical,Official,Official WDI dataset,Very High Growth,Increasing,"In 1967, India's official population was approximately 511,606,372. The annual population growth rate is approximately 2.1700%."
1968,522716889.0,511606372.0,11110517.0,2.171692458904717,Historical,Official,Official WDI dataset,Very High Growth,Increasing,"In 1968, India's official population was approximately 522,716,889. The annual population growth rate is approximately 2.1717%."
1969,533880544.0,522716889.0,11163655.0,2.1356981637530303,Historical,Official,Official WDI dataset,Very High Growth,Increasing,"In 1969, India's official population was approximately 533,880,544. The annual population growth rate is approximately 2.1357%."
1970,545864268.0,533880544.0,11983724.0,2.2446451991327887,Historical,Official,Official WDI dataset,Very High Growth,Increasing,"In 1970, India's official population was approximately 545,864,268. The annual population growth rate is approximately 2.2446%."
1971,558096387.0,545864268.0,12232119.0,2.240871901144481,Historical,Official,Official WDI dataset,Very High Growth,Increasing,"In 1971, India's official population was approximately 558,096,387. The annual population growth rate is approximately 2.2409%."
1972,570482142.0,558096387.0,12385755.0,2.219286003010801,Historical,Official,Official WDI dataset,Very High Growth,Increasing,"In 1972, India's official population was approximately 570,482,142. The annual population growth rate is approximately 2.2193%."
1973,583465598.0,570482142.0,12983456.0,2.2758742200908344,Historical,Official,Official WDI dataset,Very High Growth,Increasing,"In 1973, India's official population was approximately 583,465,598. The annual population growth rate is approximately 2.2759%."
1974,597041391.0,583465598.0,13575793.0,2.3267512337548313,Historical,Official,Official WDI dataset,Very High Growth,Increasing,"In 1974, India's official population was approximately 597,041,391. The annual population growth rate is approximately 2.3268%."
1975,611309535.0,597041391.0,14268144.0,2.389808179982622,Historical,Official,Official WDI dataset,Very High Growth,Increasing,"In 1975, India's official population was approximately 611,309,535. The annual population growth rate is approximately 2.3898%."
1976,625861883.0,611309535.0,14552348.0,2.3805203692757626,Historical,Official,Official WDI dataset,Very High Growth,Increasing,"In 1976, India's official population was approximately 625,861,883. The annual population growth rate is approximately 2.3805%."
1977,640801103.0,625861883.0,14939220.0,2.38698351917368,Historical,Official,Official WDI dataset,Very High Growth,Increasing,"In 1977, India's official population was approximately 640,801,103. The annual population growth rate is approximately 2.3870%."
1978,655728229.0,640801103.0,14927126.0,2.3294476133259634,Historical,Official,Official WDI dataset,Very High Growth,Increasing,"In 1978, India's official population was approximately 655,728,229. The annual population growth rate is approximately 2.3294%."
1979,671155747.0,655728229.0,15427518.0,2.3527304937789983,Historical,Official,Official WDI dataset,Very High Growth,Increasing,"In 1979, India's official population was approximately 671,155,747. The annual population growth rate is approximately 2.3527%."
1980,687354025.0,671155747.0,16198278.0,2.413490173093913,Historical,Official,Official WDI dataset,Very High Growth,Increasing,"In 1980, India's official population was approximately 687,354,025. The annual population growth rate is approximately 2.4135%."
1981,703696250.0,687354025.0,16342225.0,2.377555729014613,Historical,Official,Official WDI dataset,Very High Growth,Increasing,"In 1981, India's official population was approximately 703,696,250. The annual population growth rate is approximately 2.3776%."
1982,720313473.0,703696250.0,16617223.0,2.361419859776137,Historical,Official,Official WDI dataset,Very High Growth,Increasing,"In 1982, India's official population was approximately 720,313,473. The annual population growth rate is approximately 2.3614%."
1983,737372681.0,720313473.0,17059208.0,2.368303334512256,Historical,Official,Official WDI dataset,Very High Growth,Increasing,"In 1983, India's official population was approximately 737,372,681. The annual population growth rate is approximately 2.3683%."
1984,754875449.0,737372681.0,17502768.0,2.373666458087831,Historical,Official,Official WDI dataset,Very High Growth,Increasing,"In 1984, India's official population was approximately 754,875,449. The annual population growth rate is approximately 2.3737%."
1985,772647793.0,754875449.0,17772344.0,2.3543412391465957,Historical,Official,Official WDI dataset,Very High Growth,Increasing,"In 1985, India's official population was approximately 772,647,793. The annual population growth rate is approximately 2.3543%."
1986,790689978.0,772647793.0,18042185.0,2.335111180470295,Historical,Official,Official WDI dataset,Very High Growth,Increasing,"In 1986, India's official population was approximately 790,689,978. The annual population growth rate is approximately 2.3351%."
1987,808931270.0,790689978.0,18241292.0,2.307009385162595,Historical,Official,Official WDI dataset,Very High Growth,Increasing,"In 1987, India's official population was approximately 808,931,270. The annual population growth rate is approximately 2.3070%."
1988,827342990.0,808931270.0,18411720.0,2.276054923677262,Historical,Official,Official WDI dataset,Very High Growth,Increasing,"In 1988, India's official population was approximately 827,342,990. The annual population growth rate is approximately 2.2761%."
1989,846039529.0,827342990.0,18696539.0,2.259829263797841,Historical,Official,Official WDI dataset,Very High Growth,Increasing,"In 1989, India's official population was approximately 846,039,529. The annual population growth rate is approximately 2.2598%."
1990,864972221.0,846039529.0,18932692.0,2.237802295405511,Historical,Official,Official WDI dataset,Very High Growth,Increasing,"In 1990, India's official population was approximately 864,972,221. The annual population growth rate is approximately 2.2378%."
1991,883927600.0,864972221.0,18955379.0,2.1914436718078134,Historical,Official,Official WDI dataset,Very High Growth,Increasing,"In 1991, India's official population was approximately 883,927,600. The annual population growth rate is approximately 2.1914%."
1992,902957070.0,883927600.0,19029470.0,2.152831295232782,Historical,Official,Official WDI dataset,Very High Growth,Increasing,"In 1992, India's official population was approximately 902,957,070. The annual population growth rate is approximately 2.1528%."
1993,922118387.0,902957070.0,19161317.0,2.1220629016172277,Historical,Official,Official WDI dataset,Very High Growth,Increasing,"In 1993, India's official population was approximately 922,118,387. The annual population growth rate is approximately 2.1221%."
1994,941163767.0,922118387.0,19045380.0,2.0653942344607046,Historical,Official,Official WDI dataset,Very High Growth,Increasing,"In 1994, India's official population was approximately 941,163,767. The annual population growth rate is approximately 2.0654%."
1995,960301044.0,941163767.0,19137277.0,2.0333631266958863,Historical,Official,Official WDI dataset,Very High Growth,Increasing,"In 1995, India's official population was approximately 960,301,044. The annual population growth rate is approximately 2.0334%."
1996,979678458.0,960301044.0,19377414.0,2.0178478531363453,Historical,Official,Official WDI dataset,Very High Growth,Increasing,"In 1996, India's official population was approximately 979,678,458. The annual population growth rate is approximately 2.0178%."
1997,999133762.0,979678458.0,19455304.0,1.9858866795660512,Historical,Official,Official WDI dataset,High Growth,Increasing,"In 1997, India's official population was approximately 999,133,762. The annual population growth rate is approximately 1.9859%."
1998,1018665080.0,999133762.0,19531318.0,1.9548251438229247,Historical,Official,Official WDI dataset,High Growth,Increasing,"In 1998, India's official population was approximately 1,018,665,080. The annual population growth rate is approximately 1.9548%."
1999,1038225823.0,1018665080.0,19560743.0,1.9202329974833399,Historical,Official,Official WDI dataset,High Growth,Increasing,"In 1999, India's official population was approximately 1,038,225,823. The annual population growth rate is approximately 1.9202%."
2000,1057922733.0,1038225823.0,19696910.0,1.897170111131019,Historical,Official,Official WDI dataset,High Growth,Increasing,"In 2000, India's official population was approximately 1,057,922,733. The annual population growth rate is approximately 1.8972%."
2001,1077898575.0,1057922733.0,19975842.0,1.8882137018980227,Historical,Official,Official WDI dataset,High Growth,Increasing,"In 2001, India's official population was approximately 1,077,898,575. The annual population growth rate is approximately 1.8882%."
2002,1097600380.0,1077898575.0,19701805.0,1.827797666399178,Historical,Official,Official WDI dataset,High Growth,Increasing,"In 2002, India's official population was approximately 1,097,600,380. The annual population growth rate is approximately 1.8278%."
2003,1116803006.0,1097600380.0,19202626.0,1.7495097805997561,Historical,Official,Official WDI dataset,High Growth,Increasing,"In 2003, India's official population was approximately 1,116,803,006. The annual population growth rate is approximately 1.7495%."
2004,1135991513.0,1116803006.0,19188507.0,1.718163982090859,Historical,Official,Official WDI dataset,High Growth,Increasing,"In 2004, India's official population was approximately 1,135,991,513. The annual population growth rate is approximately 1.7182%."
2005,1154676322.0,1135991513.0,18684809.0,1.6448018128811581,Historical,Official,Official WDI dataset,High Growth,Increasing,"In 2005, India's official population was approximately 1,154,676,322. The annual population growth rate is approximately 1.6448%."
2006,1172878890.0,1154676322.0,18202568.0,1.5764216909264661,Historical,Official,Official WDI dataset,High Growth,Increasing,"In 2006, India's official population was approximately 1,172,878,890. The annual population growth rate is approximately 1.5764%."
2007,1190676021.0,1172878890.0,17797131.0,1.5173886367756184,Historical,Official,Official WDI dataset,High Growth,Increasing,"In 2007, India's official population was approximately 1,190,676,021. The annual population growth rate is approximately 1.5174%."
2008,1207930964.0,1190676021.0,17254943.0,1.449171957415274,Historical,Official,Official WDI dataset,High Growth,Increasing,"In 2008, India's official population was approximately 1,207,930,964. The annual population growth rate is approximately 1.4492%."
2009,1225524753.0,1207930964.0,17593789.0,1.4565227255818547,Historical,Official,Official WDI dataset,High Growth,Increasing,"In 2009, India's official population was approximately 1,225,524,753. The annual population growth rate is approximately 1.4565%."
2010,1243481564.0,1225524753.0,17956811.0,1.4652344602622547,Historical,Official,Official WDI dataset,High Growth,Increasing,"In 2010, India's official population was approximately 1,243,481,564. The annual population growth rate is approximately 1.4652%."
2011,1261224954.0,1243481564.0,17743390.0,1.4269121886233194,Historical,Official,Official WDI dataset,High Growth,Increasing,"In 2011, India's official population was approximately 1,261,224,954. The annual population growth rate is approximately 1.4269%."
2012,1278674502.0,1261224954.0,17449548.0,1.383539704369019,Historical,Official,Official WDI dataset,High Growth,Increasing,"In 2012, India's official population was approximately 1,278,674,502. The annual population growth rate is approximately 1.3835%."
2013,1295829511.0,1278674502.0,17155009.0,1.3416243909742054,Historical,Official,Official WDI dataset,High Growth,Increasing,"In 2013, India's official population was approximately 1,295,829,511. The annual population growth rate is approximately 1.3416%."
2014,1312277191.0,1295829511.0,16447680.0,1.269278084839054,Historical,Official,Official WDI dataset,High Growth,Increasing,"In 2014, India's official population was approximately 1,312,277,191. The annual population growth rate is approximately 1.2693%."
2015,1328024498.0,1312277191.0,15747307.0,1.1999985298837723,Historical,Official,Official WDI dataset,High Growth,Increasing,"In 2015, India's official population was approximately 1,328,024,498. The annual population growth rate is approximately 1.2000%."
2016,1343944296.0,1328024498.0,15919798.0,1.1987578560467282,Historical,Official,Official WDI dataset,High Growth,Increasing,"In 2016, India's official population was approximately 1,343,944,296. The annual population growth rate is approximately 1.1988%."
2017,1359657400.0,1343944296.0,15713104.0,1.1691782201663559,Historical,Official,Official WDI dataset,High Growth,Increasing,"In 2017, India's official population was approximately 1,359,657,400. The annual population growth rate is approximately 1.1692%."
2018,1374659064.0,1359657400.0,15001664.0,1.103341474109576,Historical,Official,Official WDI dataset,High Growth,Increasing,"In 2018, India's official population was approximately 1,374,659,064. The annual population growth rate is approximately 1.1033%."
2019,1389030312.0,1374659064.0,14371248.0,1.0454408934083226,Historical,Official,Official WDI dataset,High Growth,Increasing,"In 2019, India's official population was approximately 1,389,030,312. The annual population growth rate is approximately 1.0454%."
2020,1402617695.0,1389030312.0,13587383.0,0.9781919719546117,Historical,Official,Official WDI dataset,Moderate Growth,Increasing,"In 2020, India's official population was approximately 1,402,617,695. The annual population growth rate is approximately 0.9782%."
2021,1414203896.0,1402617695.0,11586201.0,0.8260412685011875,Historical,Official,Official WDI dataset,Moderate Growth,Increasing,"In 2021, India's official population was approximately 1,414,203,896. The annual population growth rate is approximately 0.8260%."
2022,1425423212.0,1414203896.0,11219316.0,0.7933308649292536,Historical,Official,Official WDI dataset,Moderate Growth,Increasing,"In 2022, India's official population was approximately 1,425,423,212. The annual population growth rate is approximately 0.7933%."
2023,1438069596.0,1425423212.0,12646384.0,0.887202052943703,Historical,Official,Official WDI dataset,Moderate Growth,Increasing,"In 2023, India's official population was approximately 1,438,069,596. The annual population growth rate is approximately 0.8872%."
2024,1450935791.0,1438069596.0,12866195.0,0.8946851415110535,Historical,Official,Official WDI dataset,Moderate Growth,Increasing,"In 2024, India's official population was approximately 1,450,935,791. The annual population growth rate is approximately 0.8947%."
2025,1462982757.1525722,1450935791.0,12046966.152572155,0.8302894054511789,Estimated,Model Estimated,Population forecasting model,Moderate Growth,Increasing,"The forecasting model estimates India's 2025 population at approximately 1,462,982,757. This value is an estimate, not an official historical observation. The annual population growth rate is approximately 0.8303%."
2026,1474539165.2701452,1462982757.1525722,11556408.117573023,0.7899210063190054,Forecast,ML Forecast,Population forecasting model,Moderate Growth,Increasing,"The ML forecasting model projects India's population at approximately 1,474,539,165 in 2026. The annual population growth rate is approximately 0.7899%."
2027,1485748771.537257,1474539165.2701452,11209606.267111778,0.7602108191584023,Forecast,ML Forecast,Population forecasting model,Moderate Growth,Increasing,"The ML forecasting model projects India's population at approximately 1,485,748,772 in 2027. The annual population growth rate is approximately 0.7602%."
2028,1496603153.632913,1485748771.537257,10854382.095656157,0.7305664526597866,Forecast,ML Forecast,Population forecasting model,Moderate Growth,Increasing,"The ML forecasting model projects India's population at approximately 1,496,603,154 in 2028. The annual population growth rate is approximately 0.7306%."
2029,1507083391.8837166,1496603153.632913,10480238.25080347,0.7002683527268516,Forecast,ML Forecast,Population forecasting model,Moderate Growth,Increasing,"The ML forecasting model projects India's population at approximately 1,507,083,392 in 2029. The annual population growth rate is approximately 0.7003%."
2030,1517181985.8998127,1507083391.8837166,10098594.016096115,0.6700753303023221,Forecast,ML Forecast,Population forecasting model,Moderate Growth,Increasing,"The ML forecasting model projects India's population at approximately 1,517,181,986 in 2030. The annual population growth rate is approximately 0.6701%."
2031,1526894281.1174576,1517181985.8998127,9712295.21764493,0.6401536076692027,Forecast,ML Forecast,Population forecasting model,Moderate Growth,Increasing,"The ML forecasting model projects India's population at approximately 1,526,894,281 in 2031. The annual population growth rate is approximately 0.6402%."
2032,1536215048.899895,1526894281.1174576,9320767.782437325,0.6104396288403091,Forecast,ML Forecast,Population forecasting model,Moderate Growth,Increasing,"The ML forecasting model projects India's population at approximately 1,536,215,049 in 2032. The annual population growth rate is approximately 0.6104%."
2033,1545138637.9961586,1536215048.899895,8923589.096263647,0.5808815050115435,Forecast,ML Forecast,Population forecasting model,Moderate Growth,Increasing,"The ML forecasting model projects India's population at approximately 1,545,138,638 in 2033. The annual population growth rate is approximately 0.5809%."
2034,1553659299.4483306,1545138637.9961586,8520661.452172041,0.5514496397049706,Forecast,ML Forecast,Population forecasting model,Moderate Growth,Increasing,"The ML forecasting model projects India's population at approximately 1,553,659,299 in 2034. The annual population growth rate is approximately 0.5514%."
2035,1561771229.098921,1553659299.4483306,8111929.65059042,0.5221176646302617,Forecast,ML Forecast,Population forecasting model,Moderate Growth,Increasing,"The ML forecasting model projects India's population at approximately 1,561,771,229 in 2035. The annual population growth rate is approximately 0.5221%."
2036,1569468545.4949172,1561771229.098921,7697316.395996094,0.49285812496604464,Forecast,ML Forecast,Population forecasting model,Slow Growth,Increasing,"The ML forecasting model projects India's population at approximately 1,569,468,545 in 2036. The annual population growth rate is approximately 0.4929%."
2037,1576745281.203604,1569468545.4949172,7276735.708686829,0.46364329693477924,Forecast,ML Forecast,Population forecasting model,Slow Growth,Increasing,"The ML forecasting model projects India's population at approximately 1,576,745,281 in 2037. The annual population growth rate is approximately 0.4636%."
2038,1583595382.1157002,1576745281.203604,6850100.912096262,0.43444562630099437,Forecast,ML Forecast,Population forecasting model,Slow Growth,Increasing,"The ML forecasting model projects India's population at approximately 1,583,595,382 in 2038. The annual population growth rate is approximately 0.4344%."
2039,1590012706.9552872,1583595382.1157002,6417324.839586973,0.40523765805715595,Forecast,ML Forecast,Population forecasting model,Slow Growth,Increasing,"The ML forecasting model projects India's population at approximately 1,590,012,707 in 2039. The annual population growth rate is approximately 0.4052%."
2040,1595991026.1102622,1590012706.9552872,5978319.154974937,0.37599191055666115,Forecast,ML Forecast,Population forecasting model,Slow Growth,Increasing,"The ML forecasting model projects India's population at approximately 1,595,991,026 in 2040. The annual population growth rate is approximately 0.3760%."
2041,1601524020.3093412,1595991026.1102622,5532994.199079037,0.3466807838239605,Forecast,ML Forecast,Population forecasting model,Slow Growth,Increasing,"The ML forecasting model projects India's population at approximately 1,601,524,020 in 2041. The annual population growth rate is approximately 0.3467%."
2042,1606605279.3150015,1601524020.3093412,5081259.0056602955,0.31727647798118763,Forecast,ML Forecast,Population forecasting model,Slow Growth,Increasing,"The ML forecasting model projects India's population at approximately 1,606,605,279 in 2042. The annual population growth rate is approximately 0.3173%."
2043,1611228300.615692,1606605279.3150015,4623021.3006904125,0.2877509093373254,Forecast,ML Forecast,Population forecasting model,Slow Growth,Increasing,"The ML forecasting model projects India's population at approximately 1,611,228,301 in 2043. The annual population growth rate is approximately 0.2878%."
2044,1615386488.0993178,1611228300.615692,4158187.483625889,0.25807562354986935,Forecast,ML Forecast,Population forecasting model,Slow Growth,Increasing,"The ML forecasting model projects India's population at approximately 1,615,386,488 in 2044. The annual population growth rate is approximately 0.2581%."
2045,1619073150.7060657,1615386488.0993178,3686662.6067478657,0.22822170631657812,Forecast,ML Forecast,Population forecasting model,Very Slow Growth,Increasing,"The ML forecasting model projects India's population at approximately 1,619,073,151 in 2045. The annual population growth rate is approximately 0.2282%."
2046,1622281501.061553,1619073150.7060657,3208350.3554873466,0.19815969118430754,Forecast,ML Forecast,Population forecasting model,Very Slow Growth,Increasing,"The ML forecasting model projects India's population at approximately 1,622,281,501 in 2046. The annual population growth rate is approximately 0.1982%."
2047,1625004654.0903904,1622281501.061553,2723153.0288374424,0.16785946378945482,Forecast,ML Forecast,Population forecasting model,Very Slow Growth,Increasing,"The ML forecasting model projects India's population at approximately 1,625,004,654 in 2047. The annual population growth rate is approximately 0.1679%."
2048,1627235625.6098282,1625004654.0903904,2230971.51943779,0.137290161835657,Forecast,ML Forecast,Population forecasting model,Very Slow Growth,Increasing,"The ML forecasting model projects India's population at approximately 1,627,235,626 in 2048. The annual population growth rate is approximately 0.1373%."
2049,1628967330.9031558,1627235625.6098282,1731705.29332757,0.10642007009147303,Forecast,ML Forecast,Population forecasting model,Very Slow Growth,Increasing,"The ML forecasting model projects India's population at approximately 1,628,967,331 in 2049. The annual population growth rate is approximately 0.1064%."
2050,1630192583.2725654,1628967330.9031558,1225252.3694095612,0.07521650963560056,Forecast,ML Forecast,Population forecasting model,Extremely Slow Growth,Increasing,"The ML forecasting model projects India's population at approximately 1,630,192,583 in 2050. The annual population growth rate is approximately 0.0752%."
